2026-08-13 15:21:02.977 [INFO ] [background-preinit] [traceId=] org.hibernate.validator.internal.util.Version - HV000001: Hibernate Validator 6.2.4.Final
2026-08-13 15:21:03.015 [INFO ] [restartedMain] [traceId=] com.kama.notes.NotesApplication - Starting NotesApplication using Java 22.0.1 on LAPTOP-L44TTKU1 with PID 3116 (C:\Users\fish\Desktop\Project\kamanotes\backend\target\classes started by fish in C:\Users\fish\Desktop\Project\kamanotes\backend)
2026-08-13 15:21:03.017 [DEBUG] [restartedMain] [traceId=] com.kama.notes.NotesApplication - Running with Spring Boot v2.7.18, Spring v5.3.31
2026-08-13 15:21:03.018 [INFO ] [restartedMain] [traceId=] com.kama.notes.NotesApplication - The following 1 profile is active: "dev"
2026-08-13 15:21:03.059 [INFO ] [restartedMain] [traceId=] org.springframework.boot.devtools.restart.ChangeableUrls - The Class-Path manifest attribute in C:\Users\fish\.m2\repository\org\glassfish\jaxb\jaxb-runtime\2.3.2\jaxb-runtime-2.3.2.jar referenced one or more files that do not exist: file:/C:/Users/fish/.m2/repository/org/glassfish/jaxb/jaxb-runtime/2.3.2/jakarta.xml.bind-api-2.3.2.jar,file:/C:/Users/fish/.m2/repository/org/glassfish/jaxb/jaxb-runtime/2.3.2/txw2-2.3.2.jar,file:/C:/Users/fish/.m2/repository/org/glassfish/jaxb/jaxb-runtime/2.3.2/istack-commons-runtime-3.0.8.jar,file:/C:/Users/fish/.m2/repository/org/glassfish/jaxb/jaxb-runtime/2.3.2/stax-ex-1.8.1.jar,file:/C:/Users/fish/.m2/repository/org/glassfish/jaxb/jaxb-runtime/2.3.2/FastInfoset-1.2.16.jar,file:/C:/Users/fish/.m2/repository/org/glassfish/jaxb/jaxb-runtime/2.3.2/jakarta.activation-api-1.2.1.jar
2026-08-13 15:21:03.060 [INFO ] [restartedMain] [traceId=] org.springframework.boot.devtools.env.DevToolsPropertyDefaultsPostProcessor - Devtools property defaults active! Set 'spring.devtools.add-properties' to 'false' to disable
2026-08-13 15:21:03.060 [INFO ] [restartedMain] [traceId=] org.springframework.boot.devtools.env.DevToolsPropertyDefaultsPostProcessor - For additional web related logging consider setting the 'logging.level.web' property to 'DEBUG'
2026-08-13 15:21:03.851 [INFO ] [restartedMain] [traceId=] org.springframework.data.repository.config.RepositoryConfigurationDelegate - Multiple Spring Data modules found, entering strict repository configuration mode
2026-08-13 15:21:03.853 [INFO ] [restartedMain] [traceId=] org.springframework.data.repository.config.RepositoryConfigurationDelegate - Bootstrapping Spring Data Redis repositories in DEFAULT mode.
2026-08-13 15:21:03.902 [INFO ] [restartedMain] [traceId=] org.springframework.data.repository.config.RepositoryConfigurationDelegate - Finished Spring Data repository scanning in 32 ms. Found 0 Redis repository interfaces.
2026-08-13 15:21:05.095 [INFO ] [restartedMain] [traceId=] org.springframework.boot.web.embedded.tomcat.TomcatWebServer - Tomcat initialized with port(s): 8080 (http)
2026-08-13 15:21:05.103 [INFO ] [restartedMain] [traceId=] org.apache.coyote.http11.Http11NioProtocol - Initializing ProtocolHandler ["http-nio-8080"]
2026-08-13 15:21:05.105 [INFO ] [restartedMain] [traceId=] org.apache.catalina.core.StandardService - Starting service [Tomcat]
2026-08-13 15:21:05.106 [INFO ] [restartedMain] [traceId=] org.apache.catalina.core.StandardEngine - Starting Servlet engine: [Apache Tomcat/9.0.83]
2026-08-13 15:21:05.192 [INFO ] [restartedMain] [traceId=] org.apache.catalina.core.ContainerBase.[Tomcat].[localhost].[/] - Initializing Spring embedded WebApplicationContext
2026-08-13 15:21:05.192 [INFO ] [restartedMain] [traceId=] org.springframework.boot.web.servlet.context.ServletWebServerApplicationContext - Root WebApplicationContext: initialization completed in 2131 ms
2026-08-13 15:21:06.230 [WARN ] [restartedMain] [traceId=2f81ce45-673d-4bd0-8717-f157c9b23e82] org.springframework.boot.autoconfigure.security.servlet.UserDetailsServiceAutoConfiguration - 

Using generated security password: d546f5a6-b903-4863-ae88-9cf960a1dfe6

This generated password is for development use only. Your security configuration must be updated before running your application in production.

2026-08-13 15:21:06.358 [INFO ] [restartedMain] [traceId=2f81ce45-673d-4bd0-8717-f157c9b23e82] org.springframework.security.web.DefaultSecurityFilterChain - Will secure any request with [org.springframework.security.web.session.DisableEncodeUrlFilter@15e8b772, org.springframework.security.web.context.request.async.WebAsyncManagerIntegrationFilter@f599d9f, org.springframework.security.web.context.SecurityContextPersistenceFilter@44fe4a19, org.springframework.security.web.header.HeaderWriterFilter@50c7f9b3, org.springframework.web.filter.CorsFilter@63b95fc6, org.springframework.security.web.authentication.logout.LogoutFilter@2e58bf36, org.springframework.security.web.savedrequest.RequestCacheAwareFilter@44cd7378, org.springframework.security.web.servletapi.SecurityContextHolderAwareRequestFilter@65e378b5, org.springframework.security.web.authentication.AnonymousAuthenticationFilter@7dab71f3, org.springframework.security.web.session.SessionManagementFilter@2c535dd6, org.springframework.security.web.access.ExceptionTranslationFilter@2ff23940, org.springframework.security.web.access.intercept.FilterSecurityInterceptor@22ff3670]
2026-08-13 15:21:06.819 [INFO ] [restartedMain] [traceId=2f81ce45-673d-4bd0-8717-f157c9b23e82] org.springframework.boot.devtools.autoconfigure.OptionalLiveReloadServer - LiveReload server is running on port 35729
2026-08-13 15:21:06.835 [INFO ] [restartedMain] [traceId=2f81ce45-673d-4bd0-8717-f157c9b23e82] org.apache.coyote.http11.Http11NioProtocol - Starting ProtocolHandler ["http-nio-8080"]
2026-08-13 15:21:06.858 [INFO ] [restartedMain] [traceId=2f81ce45-673d-4bd0-8717-f157c9b23e82] org.springframework.boot.web.embedded.tomcat.TomcatWebServer - Tomcat started on port(s): 8080 (http) with context path ''
2026-08-13 15:21:06.868 [INFO ] [restartedMain] [traceId=2f81ce45-673d-4bd0-8717-f157c9b23e82] com.kama.notes.NotesApplication - Started NotesApplication in 4.305 seconds (JVM running for 5.227)
2026-08-13 15:21:07.148 [ERROR] [ScheduledTask-1] [traceId=1e765384-f023-4d2c-96d6-f785ac142c00] org.springframework.scheduling.support.TaskUtils$LoggingErrorHandler - Unexpected error occurred in scheduled task
org.springframework.data.redis.RedisConnectionFailureException: Unable to connect to Redis; nested exception is io.lettuce.core.RedisConnectionException: Unable to connect to localhost/<unresolved>:6379
	at org.springframework.data.redis.connection.lettuce.LettuceConnectionFactory$ExceptionTranslatingConnectionProvider.translateException(LettuceConnectionFactory.java:1689) ~[spring-data-redis-2.7.18.jar:2.7.18]
	at org.springframework.data.redis.connection.lettuce.LettuceConnectionFactory$ExceptionTranslatingConnectionProvider.getConnection(LettuceConnectionFactory.java:1597) ~[spring-data-redis-2.7.18.jar:2.7.18]
	at org.springframework.data.redis.connection.lettuce.LettuceConnectionFactory$SharedConnection.getNativeConnection(LettuceConnectionFactory.java:1383) ~[spring-data-redis-2.7.18.jar:2.7.18]
	at org.springframework.data.redis.connection.lettuce.LettuceConnectionFactory$SharedConnection.getConnection(LettuceConnectionFactory.java:1366) ~[spring-data-redis-2.7.18.jar:2.7.18]
	at org.springframework.data.redis.connection.lettuce.LettuceConnectionFactory.getSharedConnection(LettuceConnectionFactory.java:1093) ~[spring-data-redis-2.7.18.jar:2.7.18]
	at org.springframework.data.redis.connection.lettuce.LettuceConnectionFactory.getConnection(LettuceConnectionFactory.java:421) ~[spring-data-redis-2.7.18.jar:2.7.18]
	at org.springframework.data.redis.core.RedisConnectionUtils.fetchConnection(RedisConnectionUtils.java:193) ~[spring-data-redis-2.7.18.jar:2.7.18]
	at org.springframework.data.redis.core.RedisConnectionUtils.doGetConnection(RedisConnectionUtils.java:144) ~[spring-data-redis-2.7.18.jar:2.7.18]
	at org.springframework.data.redis.core.RedisConnectionUtils.getConnection(RedisConnectionUtils.java:105) ~[spring-data-redis-2.7.18.jar:2.7.18]
	at org.springframework.data.redis.core.RedisTemplate.execute(RedisTemplate.java:211) ~[spring-data-redis-2.7.18.jar:2.7.18]
	at org.springframework.data.redis.core.RedisTemplate.execute(RedisTemplate.java:191) ~[spring-data-redis-2.7.18.jar:2.7.18]
	at org.springframework.data.redis.core.AbstractOperations.execute(AbstractOperations.java:97) ~[spring-data-redis-2.7.18.jar:2.7.18]
	at org.springframework.data.redis.core.DefaultListOperations.rightPop(DefaultListOperations.java:233) ~[spring-data-redis-2.7.18.jar:2.7.18]
	at com.kama.notes.task.email.EmailTaskConsumer.resume(EmailTaskConsumer.java:40) ~[classes/:?]
	at com.kama.notes.task.email.EmailTaskConsumer$$FastClassBySpringCGLIB$$efeea6a0.invoke(<generated>) ~[classes/:?]
	at org.springframework.cglib.proxy.MethodProxy.invoke(MethodProxy.java:218) ~[spring-core-5.3.31.jar:5.3.31]
	at org.springframework.aop.framework.CglibAopProxy$CglibMethodInvocation.invokeJoinpoint(CglibAopProxy.java:792) ~[spring-aop-5.3.31.jar:5.3.31]
	at org.springframework.aop.framework.ReflectiveMethodInvocation.proceed(ReflectiveMethodInvocation.java:163) ~[spring-aop-5.3.31.jar:5.3.31]
	at org.springframework.aop.framework.CglibAopProxy$CglibMethodInvocation.proceed(CglibAopProxy.java:762) ~[spring-aop-5.3.31.jar:5.3.31]
	at org.springframework.aop.framework.adapter.MethodBeforeAdviceInterceptor.invoke(MethodBeforeAdviceInterceptor.java:58) ~[spring-aop-5.3.31.jar:5.3.31]
	at org.springframework.aop.framework.ReflectiveMethodInvocation.proceed(ReflectiveMethodInvocation.java:186) ~[spring-aop-5.3.31.jar:5.3.31]
	at org.springframework.aop.framework.CglibAopProxy$CglibMethodInvocation.proceed(CglibAopProxy.java:762) ~[spring-aop-5.3.31.jar:5.3.31]
	at org.springframework.aop.interceptor.ExposeInvocationInterceptor.invoke(ExposeInvocationInterceptor.java:97) ~[spring-aop-5.3.31.jar:5.3.31]
	at org.springframework.aop.framework.ReflectiveMethodInvocation.proceed(ReflectiveMethodInvocation.java:186) ~[spring-aop-5.3.31.jar:5.3.31]
	at org.springframework.aop.framework.CglibAopProxy$CglibMethodInvocation.proceed(CglibAopProxy.java:762) ~[spring-aop-5.3.31.jar:5.3.31]
	at org.springframework.aop.framework.CglibAopProxy$DynamicAdvisedInterceptor.intercept(CglibAopProxy.java:707) ~[spring-aop-5.3.31.jar:5.3.31]
	at com.kama.notes.task.email.EmailTaskConsumer$$EnhancerBySpringCGLIB$$4e78ebef.resume(<generated>) ~[classes/:?]
	at jdk.internal.reflect.DirectMethodHandleAccessor.invoke(DirectMethodHandleAccessor.java:103) ~[?:?]
	at java.lang.reflect.Method.invoke(Method.java:580) ~[?:?]
	at org.springframework.scheduling.support.ScheduledMethodRunnable.run(ScheduledMethodRunnable.java:84) ~[spring-context-5.3.31.jar:5.3.31]
	at org.springframework.scheduling.support.DelegatingErrorHandlingRunnable.run(DelegatingErrorHandlingRunnable.java:54) ~[spring-context-5.3.31.jar:5.3.31]
	at java.util.concurrent.Executors$RunnableAdapter.call(Executors.java:572) ~[?:?]
	at java.util.concurrent.FutureTask.runAndReset(FutureTask.java:358) ~[?:?]
	at java.util.concurrent.ScheduledThreadPoolExecutor$ScheduledFutureTask.run(ScheduledThreadPoolExecutor.java:305) ~[?:?]
	at java.util.concurrent.ThreadPoolExecutor.runWorker(ThreadPoolExecutor.java:1144) ~[?:?]
	at java.util.concurrent.ThreadPoolExecutor$Worker.run(ThreadPoolExecutor.java:642) ~[?:?]
	at java.lang.Thread.run(Thread.java:1570) ~[?:?]
Caused by: io.lettuce.core.RedisConnectionException: Unable to connect to localhost/<unresolved>:6379
	at io.lettuce.core.RedisConnectionException.create(RedisConnectionException.java:78) ~[lettuce-core-6.1.10.RELEASE.jar:6.1.10.RELEASE]
	at io.lettuce.core.RedisConnectionException.create(RedisConnectionException.java:56) ~[lettuce-core-6.1.10.RELEASE.jar:6.1.10.RELEASE]
	at io.lettuce.core.AbstractRedisClient.getConnection(AbstractRedisClient.java:330) ~[lettuce-core-6.1.10.RELEASE.jar:6.1.10.RELEASE]
	at io.lettuce.core.RedisClient.connect(RedisClient.java:216) ~[lettuce-core-6.1.10.RELEASE.jar:6.1.10.RELEASE]
	at org.springframework.data.redis.connection.lettuce.StandaloneConnectionProvider.lambda$getConnection$1(StandaloneConnectionProvider.java:115) ~[spring-data-redis-2.7.18.jar:2.7.18]
	at java.util.Optional.orElseGet(Optional.java:364) ~[?:?]
	at org.springframework.data.redis.connection.lettuce.StandaloneConnectionProvider.getConnection(StandaloneConnectionProvider.java:115) ~[spring-data-redis-2.7.18.jar:2.7.18]
	at org.springframework.data.redis.connection.lettuce.LettuceConnectionFactory$ExceptionTranslatingConnectionProvider.getConnection(LettuceConnectionFactory.java:1595) ~[spring-data-redis-2.7.18.jar:2.7.18]
	... 35 more
Caused by: io.netty.channel.AbstractChannel$AnnotatedConnectException: Connection refused: getsockopt: localhost/127.0.0.1:6379
Caused by: java.net.ConnectException: Connection refused: getsockopt
	at sun.nio.ch.Net.pollConnect(Native Method) ~[?:?]
	at sun.nio.ch.Net.pollConnectNow(Net.java:682) ~[?:?]
	at sun.nio.ch.SocketChannelImpl.finishConnect(SocketChannelImpl.java:1060) ~[?:?]
	at io.netty.channel.socket.nio.NioSocketChannel.doFinishConnect(NioSocketChannel.java:337) ~[netty-transport-4.1.101.Final.jar:4.1.101.Final]
	at io.netty.channel.nio.AbstractNioChannel$AbstractNioUnsafe.finishConnect(AbstractNioChannel.java:334) ~[netty-transport-4.1.101.Final.jar:4.1.101.Final]
	at io.netty.channel.nio.NioEventLoop.processSelectedKey(NioEventLoop.java:776) ~[netty-transport-4.1.101.Final.jar:4.1.101.Final]
	at io.netty.channel.nio.NioEventLoop.processSelectedKeysOptimized(NioEventLoop.java:724) ~[netty-transport-4.1.101.Final.jar:4.1.101.Final]
	at io.netty.channel.nio.NioEventLoop.processSelectedKeys(NioEventLoop.java:650) ~[netty-transport-4.1.101.Final.jar:4.1.101.Final]
	at io.netty.channel.nio.NioEventLoop.run(NioEventLoop.java:562) ~[netty-transport-4.1.101.Final.jar:4.1.101.Final]
	at io.netty.util.concurrent.SingleThreadEventExecutor$4.run(SingleThreadEventExecutor.java:997) ~[netty-common-4.1.101.Final.jar:4.1.101.Final]
	at io.netty.util.internal.ThreadExecutorMap$2.run(ThreadExecutorMap.java:74) ~[netty-common-4.1.101.Final.jar:4.1.101.Final]
	at io.netty.util.concurrent.FastThreadLocalRunnable.run(FastThreadLocalRunnable.java:30) ~[netty-common-4.1.101.Final.jar:4.1.101.Final]
	... 1 more
2026-08-13 15:21:10.158 [ERROR] [ScheduledTask-2] [traceId=30db270a-ed7b-43e6-9230-6f7991aa6680] org.springframework.scheduling.support.TaskUtils$LoggingErrorHandler - Unexpected error occurred in scheduled task
org.springframework.data.redis.RedisConnectionFailureException: Unable to connect to Redis; nested exception is io.lettuce.core.RedisConnectionException: Unable to connect to localhost/<unresolved>:6379
	at org.springframework.data.redis.connection.lettuce.LettuceConnectionFactory$ExceptionTranslatingConnectionProvider.translateException(LettuceConnectionFactory.java:1689) ~[spring-data-redis-2.7.18.jar:2.7.18]
	at org.springframework.data.redis.connection.lettuce.LettuceConnectionFactory$ExceptionTranslatingConnectionProvider.getConnection(LettuceConnectionFactory.java:1597) ~[spring-data-redis-2.7.18.jar:2.7.18]
	at org.springframework.data.redis.connection.lettuce.LettuceConnectionFactory$SharedConnection.getNativeConnection(LettuceConnectionFactory.java:1383) ~[spring-data-redis-2.7.18.jar:2.7.18]
	at org.springframework.data.redis.connection.lettuce.LettuceConnectionFactory$SharedConnection.getConnection(LettuceConnectionFactory.java:1366) ~[spring-data-redis-2.7.18.jar:2.7.18]
	at org.springframework.data.redis.connection.lettuce.LettuceConnectionFactory.getSharedConnection(LettuceConnectionFactory.java:1093) ~[spring-data-redis-2.7.18.jar:2.7.18]
	at org.springframework.data.redis.connection.lettuce.LettuceConnectionFactory.getConnection(LettuceConnectionFactory.java:421) ~[spring-data-redis-2.7.18.jar:2.7.18]
	at org.springframework.data.redis.core.RedisConnectionUtils.fetchConnection(RedisConnectionUtils.java:193) ~[spring-data-redis-2.7.18.jar:2.7.18]
	at org.springframework.data.redis.core.RedisConnectionUtils.doGetConnection(RedisConnectionUtils.java:144) ~[spring-data-redis-2.7.18.jar:2.7.18]
	at org.springframework.data.redis.core.RedisConnectionUtils.getConnection(RedisConnectionUtils.java:105) ~[spring-data-redis-2.7.18.jar:2.7.18]
	at org.springframework.data.redis.core.RedisTemplate.execute(RedisTemplate.java:211) ~[spring-data-redis-2.7.18.jar:2.7.18]
	at org.springframework.data.redis.core.RedisTemplate.execute(RedisTemplate.java:191) ~[spring-data-redis-2.7.18.jar:2.7.18]
	at org.springframework.data.redis.core.AbstractOperations.execute(AbstractOperations.java:97) ~[spring-data-redis-2.7.18.jar:2.7.18]
	at org.springframework.data.redis.core.DefaultListOperations.rightPop(DefaultListOperations.java:233) ~[spring-data-redis-2.7.18.jar:2.7.18]
	at com.kama.notes.task.email.EmailTaskConsumer.resume(EmailTaskConsumer.java:40) ~[classes/:?]
	at com.kama.notes.task.email.EmailTaskConsumer$$FastClassBySpringCGLIB$$efeea6a0.invoke(<generated>) ~[classes/:?]
	at org.springframework.cglib.proxy.MethodProxy.invoke(MethodProxy.java:218) ~[spring-core-5.3.31.jar:5.3.31]
	at org.springframework.aop.framework.CglibAopProxy$CglibMethodInvocation.invokeJoinpoint(CglibAopProxy.java:792) ~[spring-aop-5.3.31.jar:5.3.31]
	at org.springframework.aop.framework.ReflectiveMethodInvocation.proceed(ReflectiveMethodInvocation.java:163) ~[spring-aop-5.3.31.jar:5.3.31]
	at org.springframework.aop.framework.CglibAopProxy$CglibMethodInvocation.proceed(CglibAopProxy.java:762) ~[spring-aop-5.3.31.jar:5.3.31]
	at org.springframework.aop.framework.adapter.MethodBeforeAdviceInterceptor.invoke(MethodBeforeAdviceInterceptor.java:58) ~[spring-aop-5.3.31.jar:5.3.31]
	at org.springframework.aop.framework.ReflectiveMethodInvocation.proceed(ReflectiveMethodInvocation.java:186) ~[spring-aop-5.3.31.jar:5.3.31]
	at org.springframework.aop.framework.CglibAopProxy$CglibMethodInvocation.proceed(CglibAopProxy.java:762) ~[spring-aop-5.3.31.jar:5.3.31]
	at org.springframework.aop.interceptor.ExposeInvocationInterceptor.invoke(ExposeInvocationInterceptor.java:97) ~[spring-aop-5.3.31.jar:5.3.31]
	at org.springframework.aop.framework.ReflectiveMethodInvocation.proceed(ReflectiveMethodInvocation.java:186) ~[spring-aop-5.3.31.jar:5.3.31]
	at org.springframework.aop.framework.CglibAopProxy$CglibMethodInvocation.proceed(CglibAopProxy.java:762) ~[spring-aop-5.3.31.jar:5.3.31]
	at org.springframework.aop.framework.CglibAopProxy$DynamicAdvisedInterceptor.intercept(CglibAopProxy.java:707) ~[spring-aop-5.3.31.jar:5.3.31]
	at com.kama.notes.task.email.EmailTaskConsumer$$EnhancerBySpringCGLIB$$4e78ebef.resume(<generated>) ~[classes/:?]
	at jdk.internal.reflect.DirectMethodHandleAccessor.invoke(DirectMethodHandleAccessor.java:103) ~[?:?]
	at java.lang.reflect.Method.invoke(Method.java:580) ~[?:?]
	at org.springframework.scheduling.support.ScheduledMethodRunnable.run(ScheduledMethodRunnable.java:84) ~[spring-context-5.3.31.jar:5.3.31]
	at org.springframework.scheduling.support.DelegatingErrorHandlingRunnable.run(DelegatingErrorHandlingRunnable.java:54) ~[spring-context-5.3.31.jar:5.3.31]
	at java.util.concurrent.Executors$RunnableAdapter.call(Executors.java:572) ~[?:?]
	at java.util.concurrent.FutureTask.runAndReset(FutureTask.java:358) ~[?:?]
	at java.util.concurrent.ScheduledThreadPoolExecutor$ScheduledFutureTask.run(ScheduledThreadPoolExecutor.java:305) ~[?:?]
	at java.util.concurrent.ThreadPoolExecutor.runWorker(ThreadPoolExecutor.java:1144) ~[?:?]
	at java.util.concurrent.ThreadPoolExecutor$Worker.run(ThreadPoolExecutor.java:642) ~[?:?]
	at java.lang.Thread.run(Thread.java:1570) ~[?:?]
Caused by: io.lettuce.core.RedisConnectionException: Unable to connect to localhost/<unresolved>:6379
	at io.lettuce.core.RedisConnectionException.create(RedisConnectionException.java:78) ~[lettuce-core-6.1.10.RELEASE.jar:6.1.10.RELEASE]
	at io.lettuce.core.RedisConnectionException.create(RedisConnectionException.java:56) ~[lettuce-core-6.1.10.RELEASE.jar:6.1.10.RELEASE]
	at io.lettuce.core.AbstractRedisClient.getConnection(AbstractRedisClient.java:330) ~[lettuce-core-6.1.10.RELEASE.jar:6.1.10.RELEASE]
	at io.lettuce.core.RedisClient.connect(RedisClient.java:216) ~[lettuce-core-6.1.10.RELEASE.jar:6.1.10.RELEASE]
	at org.springframework.data.redis.connection.lettuce.StandaloneConnectionProvider.lambda$getConnection$1(StandaloneConnectionProvider.java:115) ~[spring-data-redis-2.7.18.jar:2.7.18]
	at java.util.Optional.orElseGet(Optional.java:364) ~[?:?]
	at org.springframework.data.redis.connection.lettuce.StandaloneConnectionProvider.getConnection(StandaloneConnectionProvider.java:115) ~[spring-data-redis-2.7.18.jar:2.7.18]
	at org.springframework.data.redis.connection.lettuce.LettuceConnectionFactory$ExceptionTranslatingConnectionProvider.getConnection(LettuceConnectionFactory.java:1595) ~[spring-data-redis-2.7.18.jar:2.7.18]
	... 35 more
Caused by: io.netty.channel.AbstractChannel$AnnotatedConnectException: Connection refused: getsockopt: localhost/127.0.0.1:6379
Caused by: java.net.ConnectException: Connection refused: getsockopt
	at sun.nio.ch.Net.pollConnect(Native Method) ~[?:?]
	at sun.nio.ch.Net.pollConnectNow(Net.java:682) ~[?:?]
	at sun.nio.ch.SocketChannelImpl.finishConnect(SocketChannelImpl.java:1060) ~[?:?]
	at io.netty.channel.socket.nio.NioSocketChannel.doFinishConnect(NioSocketChannel.java:337) ~[netty-transport-4.1.101.Final.jar:4.1.101.Final]
	at io.netty.channel.nio.AbstractNioChannel$AbstractNioUnsafe.finishConnect(AbstractNioChannel.java:334) ~[netty-transport-4.1.101.Final.jar:4.1.101.Final]
	at io.netty.channel.nio.NioEventLoop.processSelectedKey(NioEventLoop.java:776) ~[netty-transport-4.1.101.Final.jar:4.1.101.Final]
	at io.netty.channel.nio.NioEventLoop.processSelectedKeysOptimized(NioEventLoop.java:724) ~[netty-transport-4.1.101.Final.jar:4.1.101.Final]
	at io.netty.channel.nio.NioEventLoop.processSelectedKeys(NioEventLoop.java:650) ~[netty-transport-4.1.101.Final.jar:4.1.101.Final]
	at io.netty.channel.nio.NioEventLoop.run(NioEventLoop.java:562) ~[netty-transport-4.1.101.Final.jar:4.1.101.Final]
	at io.netty.util.concurrent.SingleThreadEventExecutor$4.run(SingleThreadEventExecutor.java:997) ~[netty-common-4.1.101.Final.jar:4.1.101.Final]
	at io.netty.util.internal.ThreadExecutorMap$2.run(ThreadExecutorMap.java:74) ~[netty-common-4.1.101.Final.jar:4.1.101.Final]
	at io.netty.util.concurrent.FastThreadLocalRunnable.run(FastThreadLocalRunnable.java:30) ~[netty-common-4.1.101.Final.jar:4.1.101.Final]
	... 1 more
2026-08-13 15:21:13.178 [ERROR] [ScheduledTask-3] [traceId=2ff5c4e8-43d5-4298-ae30-e9bbab16ee7f] org.springframework.scheduling.support.TaskUtils$LoggingErrorHandler - Unexpected error occurred in scheduled task
org.springframework.data.redis.RedisConnectionFailureException: Unable to connect to Redis; nested exception is io.lettuce.core.RedisConnectionException: Unable to connect to localhost/<unresolved>:6379
	at org.springframework.data.redis.connection.lettuce.LettuceConnectionFactory$ExceptionTranslatingConnectionProvider.translateException(LettuceConnectionFactory.java:1689) ~[spring-data-redis-2.7.18.jar:2.7.18]
	at org.springframework.data.redis.connection.lettuce.LettuceConnectionFactory$ExceptionTranslatingConnectionProvider.getConnection(LettuceConnectionFactory.java:1597) ~[spring-data-redis-2.7.18.jar:2.7.18]
	at org.springframework.data.redis.connection.lettuce.LettuceConnectionFactory$SharedConnection.getNativeConnection(LettuceConnectionFactory.java:1383) ~[spring-data-redis-2.7.18.jar:2.7.18]
	at org.springframework.data.redis.connection.lettuce.LettuceConnectionFactory$SharedConnection.getConnection(LettuceConnectionFactory.java:1366) ~[spring-data-redis-2.7.18.jar:2.7.18]
	at org.springframework.data.redis.connection.lettuce.LettuceConnectionFactory.getSharedConnection(LettuceConnectionFactory.java:1093) ~[spring-data-redis-2.7.18.jar:2.7.18]
	at org.springframework.data.redis.connection.lettuce.LettuceConnectionFactory.getConnection(LettuceConnectionFactory.java:421) ~[spring-data-redis-2.7.18.jar:2.7.18]
	at org.springframework.data.redis.core.RedisConnectionUtils.fetchConnection(RedisConnectionUtils.java:193) ~[spring-data-redis-2.7.18.jar:2.7.18]
	at org.springframework.data.redis.core.RedisConnectionUtils.doGetConnection(RedisConnectionUtils.java:144) ~[spring-data-redis-2.7.18.jar:2.7.18]
	at org.springframework.data.redis.core.RedisConnectionUtils.getConnection(RedisConnectionUtils.java:105) ~[spring-data-redis-2.7.18.jar:2.7.18]
	at org.springframework.data.redis.core.RedisTemplate.execute(RedisTemplate.java:211) ~[spring-data-redis-2.7.18.jar:2.7.18]
	at org.springframework.data.redis.core.RedisTemplate.execute(RedisTemplate.java:191) ~[spring-data-redis-2.7.18.jar:2.7.18]
	at org.springframework.data.redis.core.AbstractOperations.execute(AbstractOperations.java:97) ~[spring-data-redis-2.7.18.jar:2.7.18]
	at org.springframework.data.redis.core.DefaultListOperations.rightPop(DefaultListOperations.java:233) ~[spring-data-redis-2.7.18.jar:2.7.18]
	at com.kama.notes.task.email.EmailTaskConsumer.resume(EmailTaskConsumer.java:40) ~[classes/:?]
	at com.kama.notes.task.email.EmailTaskConsumer$$FastClassBySpringCGLIB$$efeea6a0.invoke(<generated>) ~[classes/:?]
	at org.springframework.cglib.proxy.MethodProxy.invoke(MethodProxy.java:218) ~[spring-core-5.3.31.jar:5.3.31]
	at org.springframework.aop.framework.CglibAopProxy$CglibMethodInvocation.invokeJoinpoint(CglibAopProxy.java:792) ~[spring-aop-5.3.31.jar:5.3.31]
	at org.springframework.aop.framework.ReflectiveMethodInvocation.proceed(ReflectiveMethodInvocation.java:163) ~[spring-aop-5.3.31.jar:5.3.31]
	at org.springframework.aop.framework.CglibAopProxy$CglibMethodInvocation.proceed(CglibAopProxy.java:762) ~[spring-aop-5.3.31.jar:5.3.31]
	at org.springframework.aop.framework.adapter.MethodBeforeAdviceInterceptor.invoke(MethodBeforeAdviceInterceptor.java:58) ~[spring-aop-5.3.31.jar:5.3.31]
	at org.springframework.aop.framework.ReflectiveMethodInvocation.proceed(ReflectiveMethodInvocation.java:186) ~[spring-aop-5.3.31.jar:5.3.31]
	at org.springframework.aop.framework.CglibAopProxy$CglibMethodInvocation.proceed(CglibAopProxy.java:762) ~[spring-aop-5.3.31.jar:5.3.31]
	at org.springframework.aop.interceptor.ExposeInvocationInterceptor.invoke(ExposeInvocationInterceptor.java:97) ~[spring-aop-5.3.31.jar:5.3.31]
	at org.springframework.aop.framework.ReflectiveMethodInvocation.proceed(ReflectiveMethodInvocation.java:186) ~[spring-aop-5.3.31.jar:5.3.31]
	at org.springframework.aop.framework.CglibAopProxy$CglibMethodInvocation.proceed(CglibAopProxy.java:762) ~[spring-aop-5.3.31.jar:5.3.31]
	at org.springframework.aop.framework.CglibAopProxy$DynamicAdvisedInterceptor.intercept(CglibAopProxy.java:707) ~[spring-aop-5.3.31.jar:5.3.31]
	at com.kama.notes.task.email.EmailTaskConsumer$$EnhancerBySpringCGLIB$$4e78ebef.resume(<generated>) ~[classes/:?]
	at jdk.internal.reflect.DirectMethodHandleAccessor.invoke(DirectMethodHandleAccessor.java:103) ~[?:?]
	at java.lang.reflect.Method.invoke(Method.java:580) ~[?:?]
	at org.springframework.scheduling.support.ScheduledMethodRunnable.run(ScheduledMethodRunnable.java:84) ~[spring-context-5.3.31.jar:5.3.31]
	at org.springframework.scheduling.support.DelegatingErrorHandlingRunnable.run(DelegatingErrorHandlingRunnable.java:54) ~[spring-context-5.3.31.jar:5.3.31]
	at java.util.concurrent.Executors$RunnableAdapter.call(Executors.java:572) ~[?:?]
	at java.util.concurrent.FutureTask.runAndReset(FutureTask.java:358) ~[?:?]
	at java.util.concurrent.ScheduledThreadPoolExecutor$ScheduledFutureTask.run(ScheduledThreadPoolExecutor.java:305) ~[?:?]
	at java.util.concurrent.ThreadPoolExecutor.runWorker(ThreadPoolExecutor.java:1144) ~[?:?]
	at java.util.concurrent.ThreadPoolExecutor$Worker.run(ThreadPoolExecutor.java:642) ~[?:?]
	at java.lang.Thread.run(Thread.java:1570) ~[?:?]
Caused by: io.lettuce.core.RedisConnectionException: Unable to connect to localhost/<unresolved>:6379
	at io.lettuce.core.RedisConnectionException.create(RedisConnectionException.java:78) ~[lettuce-core-6.1.10.RELEASE.jar:6.1.10.RELEASE]
	at io.lettuce.core.RedisConnectionException.create(RedisConnectionException.java:56) ~[lettuce-core-6.1.10.RELEASE.jar:6.1.10.RELEASE]
	at io.lettuce.core.AbstractRedisClient.getConnection(AbstractRedisClient.java:330) ~[lettuce-core-6.1.10.RELEASE.jar:6.1.10.RELEASE]
	at io.lettuce.core.RedisClient.connect(RedisClient.java:216) ~[lettuce-core-6.1.10.RELEASE.jar:6.1.10.RELEASE]
	at org.springframework.data.redis.connection.lettuce.StandaloneConnectionProvider.lambda$getConnection$1(StandaloneConnectionProvider.java:115) ~[spring-data-redis-2.7.18.jar:2.7.18]
	at java.util.Optional.orElseGet(Optional.java:364) ~[?:?]
	at org.springframework.data.redis.connection.lettuce.StandaloneConnectionProvider.getConnection(StandaloneConnectionProvider.java:115) ~[spring-data-redis-2.7.18.jar:2.7.18]
	at org.springframework.data.redis.connection.lettuce.LettuceConnectionFactory$ExceptionTranslatingConnectionProvider.getConnection(LettuceConnectionFactory.java:1595) ~[spring-data-redis-2.7.18.jar:2.7.18]
	... 35 more
Caused by: io.netty.channel.AbstractChannel$AnnotatedConnectException: Connection refused: getsockopt: localhost/127.0.0.1:6379
Caused by: java.net.ConnectException: Connection refused: getsockopt
	at sun.nio.ch.Net.pollConnect(Native Method) ~[?:?]
	at sun.nio.ch.Net.pollConnectNow(Net.java:682) ~[?:?]
	at sun.nio.ch.SocketChannelImpl.finishConnect(SocketChannelImpl.java:1060) ~[?:?]
	at io.netty.channel.socket.nio.NioSocketChannel.doFinishConnect(NioSocketChannel.java:337) ~[netty-transport-4.1.101.Final.jar:4.1.101.Final]
	at io.netty.channel.nio.AbstractNioChannel$AbstractNioUnsafe.finishConnect(AbstractNioChannel.java:334) ~[netty-transport-4.1.101.Final.jar:4.1.101.Final]
	at io.netty.channel.nio.NioEventLoop.processSelectedKey(NioEventLoop.java:776) ~[netty-transport-4.1.101.Final.jar:4.1.101.Final]
	at io.netty.channel.nio.NioEventLoop.processSelectedKeysOptimized(NioEventLoop.java:724) ~[netty-transport-4.1.101.Final.jar:4.1.101.Final]
	at io.netty.channel.nio.NioEventLoop.processSelectedKeys(NioEventLoop.java:650) ~[netty-transport-4.1.101.Final.jar:4.1.101.Final]
	at io.netty.channel.nio.NioEventLoop.run(NioEventLoop.java:562) ~[netty-transport-4.1.101.Final.jar:4.1.101.Final]
	at io.netty.util.concurrent.SingleThreadEventExecutor$4.run(SingleThreadEventExecutor.java:997) ~[netty-common-4.1.101.Final.jar:4.1.101.Final]
	at io.netty.util.internal.ThreadExecutorMap$2.run(ThreadExecutorMap.java:74) ~[netty-common-4.1.101.Final.jar:4.1.101.Final]
	at io.netty.util.concurrent.FastThreadLocalRunnable.run(FastThreadLocalRunnable.java:30) ~[netty-common-4.1.101.Final.jar:4.1.101.Final]
	... 1 more
2026-08-13 15:21:16.195 [ERROR] [ScheduledTask-2] [traceId=30db270a-ed7b-43e6-9230-6f7991aa6680] org.springframework.scheduling.support.TaskUtils$LoggingErrorHandler - Unexpected error occurred in scheduled task
org.springframework.data.redis.RedisConnectionFailureException: Unable to connect to Redis; nested exception is io.lettuce.core.RedisConnectionException: Unable to connect to localhost/<unresolved>:6379
	at org.springframework.data.redis.connection.lettuce.LettuceConnectionFactory$ExceptionTranslatingConnectionProvider.translateException(LettuceConnectionFactory.java:1689) ~[spring-data-redis-2.7.18.jar:2.7.18]
	at org.springframework.data.redis.connection.lettuce.LettuceConnectionFactory$ExceptionTranslatingConnectionProvider.getConnection(LettuceConnectionFactory.java:1597) ~[spring-data-redis-2.7.18.jar:2.7.18]
	at org.springframework.data.redis.connection.lettuce.LettuceConnectionFactory$SharedConnection.getNativeConnection(LettuceConnectionFactory.java:1383) ~[spring-data-redis-2.7.18.jar:2.7.18]
	at org.springframework.data.redis.connection.lettuce.LettuceConnectionFactory$SharedConnection.getConnection(LettuceConnectionFactory.java:1366) ~[spring-data-redis-2.7.18.jar:2.7.18]
	at org.springframework.data.redis.connection.lettuce.LettuceConnectionFactory.getSharedConnection(LettuceConnectionFactory.java:1093) ~[spring-data-redis-2.7.18.jar:2.7.18]
	at org.springframework.data.redis.connection.lettuce.LettuceConnectionFactory.getConnection(LettuceConnectionFactory.java:421) ~[spring-data-redis-2.7.18.jar:2.7.18]
	at org.springframework.data.redis.core.RedisConnectionUtils.fetchConnection(RedisConnectionUtils.java:193) ~[spring-data-redis-2.7.18.jar:2.7.18]
	at org.springframework.data.redis.core.RedisConnectionUtils.doGetConnection(RedisConnectionUtils.java:144) ~[spring-data-redis-2.7.18.jar:2.7.18]
	at org.springframework.data.redis.core.RedisConnectionUtils.getConnection(RedisConnectionUtils.java:105) ~[spring-data-redis-2.7.18.jar:2.7.18]
	at org.springframework.data.redis.core.RedisTemplate.execute(RedisTemplate.java:211) ~[spring-data-redis-2.7.18.jar:2.7.18]
	at org.springframework.data.redis.core.RedisTemplate.execute(RedisTemplate.java:191) ~[spring-data-redis-2.7.18.jar:2.7.18]
	at org.springframework.data.redis.core.AbstractOperations.execute(AbstractOperations.java:97) ~[spring-data-redis-2.7.18.jar:2.7.18]
	at org.springframework.data.redis.core.DefaultListOperations.rightPop(DefaultListOperations.java:233) ~[spring-data-redis-2.7.18.jar:2.7.18]
	at com.kama.notes.task.email.EmailTaskConsumer.resume(EmailTaskConsumer.java:40) ~[classes/:?]
	at com.kama.notes.task.email.EmailTaskConsumer$$FastClassBySpringCGLIB$$efeea6a0.invoke(<generated>) ~[classes/:?]
	at org.springframework.cglib.proxy.MethodProxy.invoke(MethodProxy.java:218) ~[spring-core-5.3.31.jar:5.3.31]
	at org.springframework.aop.framework.CglibAopProxy$CglibMethodInvocation.invokeJoinpoint(CglibAopProxy.java:792) ~[spring-aop-5.3.31.jar:5.3.31]
	at org.springframework.aop.framework.ReflectiveMethodInvocation.proceed(ReflectiveMethodInvocation.java:163) ~[spring-aop-5.3.31.jar:5.3.31]
	at org.springframework.aop.framework.CglibAopProxy$CglibMethodInvocation.proceed(CglibAopProxy.java:762) ~[spring-aop-5.3.31.jar:5.3.31]
	at org.springframework.aop.framework.adapter.MethodBeforeAdviceInterceptor.invoke(MethodBeforeAdviceInterceptor.java:58) ~[spring-aop-5.3.31.jar:5.3.31]
	at org.springframework.aop.framework.ReflectiveMethodInvocation.proceed(ReflectiveMethodInvocation.java:186) ~[spring-aop-5.3.31.jar:5.3.31]
	at org.springframework.aop.framework.CglibAopProxy$CglibMethodInvocation.proceed(CglibAopProxy.java:762) ~[spring-aop-5.3.31.jar:5.3.31]
	at org.springframework.aop.interceptor.ExposeInvocationInterceptor.invoke(ExposeInvocationInterceptor.java:97) ~[spring-aop-5.3.31.jar:5.3.31]
	at org.springframework.aop.framework.ReflectiveMethodInvocation.proceed(ReflectiveMethodInvocation.java:186) ~[spring-aop-5.3.31.jar:5.3.31]
	at org.springframework.aop.framework.CglibAopProxy$CglibMethodInvocation.proceed(CglibAopProxy.java:762) ~[spring-aop-5.3.31.jar:5.3.31]
	at org.springframework.aop.framework.CglibAopProxy$DynamicAdvisedInterceptor.intercept(CglibAopProxy.java:707) ~[spring-aop-5.3.31.jar:5.3.31]
	at com.kama.notes.task.email.EmailTaskConsumer$$EnhancerBySpringCGLIB$$4e78ebef.resume(<generated>) ~[classes/:?]
	at jdk.internal.reflect.DirectMethodHandleAccessor.invoke(DirectMethodHandleAccessor.java:103) ~[?:?]
	at java.lang.reflect.Method.invoke(Method.java:580) ~[?:?]
	at org.springframework.scheduling.support.ScheduledMethodRunnable.run(ScheduledMethodRunnable.java:84) ~[spring-context-5.3.31.jar:5.3.31]
	at org.springframework.scheduling.support.DelegatingErrorHandlingRunnable.run(DelegatingErrorHandlingRunnable.java:54) ~[spring-context-5.3.31.jar:5.3.31]
	at java.util.concurrent.Executors$RunnableAdapter.call(Executors.java:572) ~[?:?]
	at java.util.concurrent.FutureTask.runAndReset(FutureTask.java:358) ~[?:?]
	at java.util.concurrent.ScheduledThreadPoolExecutor$ScheduledFutureTask.run(ScheduledThreadPoolExecutor.java:305) ~[?:?]
	at java.util.concurrent.ThreadPoolExecutor.runWorker(ThreadPoolExecutor.java:1144) ~[?:?]
	at java.util.concurrent.ThreadPoolExecutor$Worker.run(ThreadPoolExecutor.java:642) ~[?:?]
	at java.lang.Thread.run(Thread.java:1570) ~[?:?]
Caused by: io.lettuce.core.RedisConnectionException: Unable to connect to localhost/<unresolved>:6379
	at io.lettuce.core.RedisConnectionException.create(RedisConnectionException.java:78) ~[lettuce-core-6.1.10.RELEASE.jar:6.1.10.RELEASE]
	at io.lettuce.core.RedisConnectionException.create(RedisConnectionException.java:56) ~[lettuce-core-6.1.10.RELEASE.jar:6.1.10.RELEASE]
	at io.lettuce.core.AbstractRedisClient.getConnection(AbstractRedisClient.java:330) ~[lettuce-core-6.1.10.RELEASE.jar:6.1.10.RELEASE]
	at io.lettuce.core.RedisClient.connect(RedisClient.java:216) ~[lettuce-core-6.1.10.RELEASE.jar:6.1.10.RELEASE]
	at org.springframework.data.redis.connection.lettuce.StandaloneConnectionProvider.lambda$getConnection$1(StandaloneConnectionProvider.java:115) ~[spring-data-redis-2.7.18.jar:2.7.18]
	at java.util.Optional.orElseGet(Optional.java:364) ~[?:?]
	at org.springframework.data.redis.connection.lettuce.StandaloneConnectionProvider.getConnection(StandaloneConnectionProvider.java:115) ~[spring-data-redis-2.7.18.jar:2.7.18]
	at org.springframework.data.redis.connection.lettuce.LettuceConnectionFactory$ExceptionTranslatingConnectionProvider.getConnection(LettuceConnectionFactory.java:1595) ~[spring-data-redis-2.7.18.jar:2.7.18]
	... 35 more
Caused by: io.netty.channel.AbstractChannel$AnnotatedConnectException: Connection refused: getsockopt: localhost/127.0.0.1:6379
Caused by: java.net.ConnectException: Connection refused: getsockopt
	at sun.nio.ch.Net.pollConnect(Native Method) ~[?:?]
	at sun.nio.ch.Net.pollConnectNow(Net.java:682) ~[?:?]
	at sun.nio.ch.SocketChannelImpl.finishConnect(SocketChannelImpl.java:1060) ~[?:?]
	at io.netty.channel.socket.nio.NioSocketChannel.doFinishConnect(NioSocketChannel.java:337) ~[netty-transport-4.1.101.Final.jar:4.1.101.Final]
	at io.netty.channel.nio.AbstractNioChannel$AbstractNioUnsafe.finishConnect(AbstractNioChannel.java:334) ~[netty-transport-4.1.101.Final.jar:4.1.101.Final]
	at io.netty.channel.nio.NioEventLoop.processSelectedKey(NioEventLoop.java:776) ~[netty-transport-4.1.101.Final.jar:4.1.101.Final]
	at io.netty.channel.nio.NioEventLoop.processSelectedKeysOptimized(NioEventLoop.java:724) ~[netty-transport-4.1.101.Final.jar:4.1.101.Final]
	at io.netty.channel.nio.NioEventLoop.processSelectedKeys(NioEventLoop.java:650) ~[netty-transport-4.1.101.Final.jar:4.1.101.Final]
	at io.netty.channel.nio.NioEventLoop.run(NioEventLoop.java:562) ~[netty-transport-4.1.101.Final.jar:4.1.101.Final]
	at io.netty.util.concurrent.SingleThreadEventExecutor$4.run(SingleThreadEventExecutor.java:997) ~[netty-common-4.1.101.Final.jar:4.1.101.Final]
	at io.netty.util.internal.ThreadExecutorMap$2.run(ThreadExecutorMap.java:74) ~[netty-common-4.1.101.Final.jar:4.1.101.Final]
	at io.netty.util.concurrent.FastThreadLocalRunnable.run(FastThreadLocalRunnable.java:30) ~[netty-common-4.1.101.Final.jar:4.1.101.Final]
	... 1 more
2026-08-13 15:21:19.200 [ERROR] [ScheduledTask-1] [traceId=1e765384-f023-4d2c-96d6-f785ac142c00] org.springframework.scheduling.support.TaskUtils$LoggingErrorHandler - Unexpected error occurred in scheduled task
org.springframework.data.redis.RedisConnectionFailureException: Unable to connect to Redis; nested exception is io.lettuce.core.RedisConnectionException: Unable to connect to localhost/<unresolved>:6379
	at org.springframework.data.redis.connection.lettuce.LettuceConnectionFactory$ExceptionTranslatingConnectionProvider.translateException(LettuceConnectionFactory.java:1689) ~[spring-data-redis-2.7.18.jar:2.7.18]
	at org.springframework.data.redis.connection.lettuce.LettuceConnectionFactory$ExceptionTranslatingConnectionProvider.getConnection(LettuceConnectionFactory.java:1597) ~[spring-data-redis-2.7.18.jar:2.7.18]
	at org.springframework.data.redis.connection.lettuce.LettuceConnectionFactory$SharedConnection.getNativeConnection(LettuceConnectionFactory.java:1383) ~[spring-data-redis-2.7.18.jar:2.7.18]
	at org.springframework.data.redis.connection.lettuce.LettuceConnectionFactory$SharedConnection.getConnection(LettuceConnectionFactory.java:1366) ~[spring-data-redis-2.7.18.jar:2.7.18]
	at org.springframework.data.redis.connection.lettuce.LettuceConnectionFactory.getSharedConnection(LettuceConnectionFactory.java:1093) ~[spring-data-redis-2.7.18.jar:2.7.18]
	at org.springframework.data.redis.connection.lettuce.LettuceConnectionFactory.getConnection(LettuceConnectionFactory.java:421) ~[spring-data-redis-2.7.18.jar:2.7.18]
	at org.springframework.data.redis.core.RedisConnectionUtils.fetchConnection(RedisConnectionUtils.java:193) ~[spring-data-redis-2.7.18.jar:2.7.18]
	at org.springframework.data.redis.core.RedisConnectionUtils.doGetConnection(RedisConnectionUtils.java:144) ~[spring-data-redis-2.7.18.jar:2.7.18]
	at org.springframework.data.redis.core.RedisConnectionUtils.getConnection(RedisConnectionUtils.java:105) ~[spring-data-redis-2.7.18.jar:2.7.18]
	at org.springframework.data.redis.core.RedisTemplate.execute(RedisTemplate.java:211) ~[spring-data-redis-2.7.18.jar:2.7.18]
	at org.springframework.data.redis.core.RedisTemplate.execute(RedisTemplate.java:191) ~[spring-data-redis-2.7.18.jar:2.7.18]
	at org.springframework.data.redis.core.AbstractOperations.execute(AbstractOperations.java:97) ~[spring-data-redis-2.7.18.jar:2.7.18]
	at org.springframework.data.redis.core.DefaultListOperations.rightPop(DefaultListOperations.java:233) ~[spring-data-redis-2.7.18.jar:2.7.18]
	at com.kama.notes.task.email.EmailTaskConsumer.resume(EmailTaskConsumer.java:40) ~[classes/:?]
	at com.kama.notes.task.email.EmailTaskConsumer$$FastClassBySpringCGLIB$$efeea6a0.invoke(<generated>) ~[classes/:?]
	at org.springframework.cglib.proxy.MethodProxy.invoke(MethodProxy.java:218) ~[spring-core-5.3.31.jar:5.3.31]
	at org.springframework.aop.framework.CglibAopProxy$CglibMethodInvocation.invokeJoinpoint(CglibAopProxy.java:792) ~[spring-aop-5.3.31.jar:5.3.31]
	at org.springframework.aop.framework.ReflectiveMethodInvocation.proceed(ReflectiveMethodInvocation.java:163) ~[spring-aop-5.3.31.jar:5.3.31]
	at org.springframework.aop.framework.CglibAopProxy$CglibMethodInvocation.proceed(CglibAopProxy.java:762) ~[spring-aop-5.3.31.jar:5.3.31]
	at org.springframework.aop.framework.adapter.MethodBeforeAdviceInterceptor.invoke(MethodBeforeAdviceInterceptor.java:58) ~[spring-aop-5.3.31.jar:5.3.31]
	at org.springframework.aop.framework.ReflectiveMethodInvocation.proceed(ReflectiveMethodInvocation.java:186) ~[spring-aop-5.3.31.jar:5.3.31]
	at org.springframework.aop.framework.CglibAopProxy$CglibMethodInvocation.proceed(CglibAopProxy.java:762) ~[spring-aop-5.3.31.jar:5.3.31]
	at org.springframework.aop.interceptor.ExposeInvocationInterceptor.invoke(ExposeInvocationInterceptor.java:97) ~[spring-aop-5.3.31.jar:5.3.31]
	at org.springframework.aop.framework.ReflectiveMethodInvocation.proceed(ReflectiveMethodInvocation.java:186) ~[spring-aop-5.3.31.jar:5.3.31]
	at org.springframework.aop.framework.CglibAopProxy$CglibMethodInvocation.proceed(CglibAopProxy.java:762) ~[spring-aop-5.3.31.jar:5.3.31]
	at org.springframework.aop.framework.CglibAopProxy$DynamicAdvisedInterceptor.intercept(CglibAopProxy.java:707) ~[spring-aop-5.3.31.jar:5.3.31]
	at com.kama.notes.task.email.EmailTaskConsumer$$EnhancerBySpringCGLIB$$4e78ebef.resume(<generated>) ~[classes/:?]
	at jdk.internal.reflect.DirectMethodHandleAccessor.invoke(DirectMethodHandleAccessor.java:103) ~[?:?]
	at java.lang.reflect.Method.invoke(Method.java:580) ~[?:?]
	at org.springframework.scheduling.support.ScheduledMethodRunnable.run(ScheduledMethodRunnable.java:84) ~[spring-context-5.3.31.jar:5.3.31]
	at org.springframework.scheduling.support.DelegatingErrorHandlingRunnable.run(DelegatingErrorHandlingRunnable.java:54) ~[spring-context-5.3.31.jar:5.3.31]
	at java.util.concurrent.Executors$RunnableAdapter.call(Executors.java:572) ~[?:?]
	at java.util.concurrent.FutureTask.runAndReset(FutureTask.java:358) ~[?:?]
	at java.util.concurrent.ScheduledThreadPoolExecutor$ScheduledFutureTask.run(ScheduledThreadPoolExecutor.java:305) ~[?:?]
	at java.util.concurrent.ThreadPoolExecutor.runWorker(ThreadPoolExecutor.java:1144) ~[?:?]
	at java.util.concurrent.ThreadPoolExecutor$Worker.run(ThreadPoolExecutor.java:642) ~[?:?]
	at java.lang.Thread.run(Thread.java:1570) ~[?:?]
Caused by: io.lettuce.core.RedisConnectionException: Unable to connect to localhost/<unresolved>:6379
	at io.lettuce.core.RedisConnectionException.create(RedisConnectionException.java:78) ~[lettuce-core-6.1.10.RELEASE.jar:6.1.10.RELEASE]
	at io.lettuce.core.RedisConnectionException.create(RedisConnectionException.java:56) ~[lettuce-core-6.1.10.RELEASE.jar:6.1.10.RELEASE]
	at io.lettuce.core.AbstractRedisClient.getConnection(AbstractRedisClient.java:330) ~[lettuce-core-6.1.10.RELEASE.jar:6.1.10.RELEASE]
	at io.lettuce.core.RedisClient.connect(RedisClient.java:216) ~[lettuce-core-6.1.10.RELEASE.jar:6.1.10.RELEASE]
	at org.springframework.data.redis.connection.lettuce.StandaloneConnectionProvider.lambda$getConnection$1(StandaloneConnectionProvider.java:115) ~[spring-data-redis-2.7.18.jar:2.7.18]
	at java.util.Optional.orElseGet(Optional.java:364) ~[?:?]
	at org.springframework.data.redis.connection.lettuce.StandaloneConnectionProvider.getConnection(StandaloneConnectionProvider.java:115) ~[spring-data-redis-2.7.18.jar:2.7.18]
	at org.springframework.data.redis.connection.lettuce.LettuceConnectionFactory$ExceptionTranslatingConnectionProvider.getConnection(LettuceConnectionFactory.java:1595) ~[spring-data-redis-2.7.18.jar:2.7.18]
	... 35 more
Caused by: io.netty.channel.AbstractChannel$AnnotatedConnectException: Connection refused: getsockopt: localhost/127.0.0.1:6379
Caused by: java.net.ConnectException: Connection refused: getsockopt
	at sun.nio.ch.Net.pollConnect(Native Method) ~[?:?]
	at sun.nio.ch.Net.pollConnectNow(Net.java:682) ~[?:?]
	at sun.nio.ch.SocketChannelImpl.finishConnect(SocketChannelImpl.java:1060) ~[?:?]
	at io.netty.channel.socket.nio.NioSocketChannel.doFinishConnect(NioSocketChannel.java:337) ~[netty-transport-4.1.101.Final.jar:4.1.101.Final]
	at io.netty.channel.nio.AbstractNioChannel$AbstractNioUnsafe.finishConnect(AbstractNioChannel.java:334) ~[netty-transport-4.1.101.Final.jar:4.1.101.Final]
	at io.netty.channel.nio.NioEventLoop.processSelectedKey(NioEventLoop.java:776) ~[netty-transport-4.1.101.Final.jar:4.1.101.Final]
	at io.netty.channel.nio.NioEventLoop.processSelectedKeysOptimized(NioEventLoop.java:724) ~[netty-transport-4.1.101.Final.jar:4.1.101.Final]
	at io.netty.channel.nio.NioEventLoop.processSelectedKeys(NioEventLoop.java:650) ~[netty-transport-4.1.101.Final.jar:4.1.101.Final]
	at io.netty.channel.nio.NioEventLoop.run(NioEventLoop.java:562) ~[netty-transport-4.1.101.Final.jar:4.1.101.Final]
	at io.netty.util.concurrent.SingleThreadEventExecutor$4.run(SingleThreadEventExecutor.java:997) ~[netty-common-4.1.101.Final.jar:4.1.101.Final]
	at io.netty.util.internal.ThreadExecutorMap$2.run(ThreadExecutorMap.java:74) ~[netty-common-4.1.101.Final.jar:4.1.101.Final]
	at io.netty.util.concurrent.FastThreadLocalRunnable.run(FastThreadLocalRunnable.java:30) ~[netty-common-4.1.101.Final.jar:4.1.101.Final]
	... 1 more
2026-08-13 15:21:22.221 [ERROR] [ScheduledTask-1] [traceId=1e765384-f023-4d2c-96d6-f785ac142c00] org.springframework.scheduling.support.TaskUtils$LoggingErrorHandler - Unexpected error occurred in scheduled task
org.springframework.data.redis.RedisConnectionFailureException: Unable to connect to Redis; nested exception is io.lettuce.core.RedisConnectionException: Unable to connect to localhost/<unresolved>:6379
	at org.springframework.data.redis.connection.lettuce.LettuceConnectionFactory$ExceptionTranslatingConnectionProvider.translateException(LettuceConnectionFactory.java:1689) ~[spring-data-redis-2.7.18.jar:2.7.18]
	at org.springframework.data.redis.connection.lettuce.LettuceConnectionFactory$ExceptionTranslatingConnectionProvider.getConnection(LettuceConnectionFactory.java:1597) ~[spring-data-redis-2.7.18.jar:2.7.18]
	at org.springframework.data.redis.connection.lettuce.LettuceConnectionFactory$SharedConnection.getNativeConnection(LettuceConnectionFactory.java:1383) ~[spring-data-redis-2.7.18.jar:2.7.18]
	at org.springframework.data.redis.connection.lettuce.LettuceConnectionFactory$SharedConnection.getConnection(LettuceConnectionFactory.java:1366) ~[spring-data-redis-2.7.18.jar:2.7.18]
	at org.springframework.data.redis.connection.lettuce.LettuceConnectionFactory.getSharedConnection(LettuceConnectionFactory.java:1093) ~[spring-data-redis-2.7.18.jar:2.7.18]
	at org.springframework.data.redis.connection.lettuce.LettuceConnectionFactory.getConnection(LettuceConnectionFactory.java:421) ~[spring-data-redis-2.7.18.jar:2.7.18]
	at org.springframework.data.redis.core.RedisConnectionUtils.fetchConnection(RedisConnectionUtils.java:193) ~[spring-data-redis-2.7.18.jar:2.7.18]
	at org.springframework.data.redis.core.RedisConnectionUtils.doGetConnection(RedisConnectionUtils.java:144) ~[spring-data-redis-2.7.18.jar:2.7.18]
	at org.springframework.data.redis.core.RedisConnectionUtils.getConnection(RedisConnectionUtils.java:105) ~[spring-data-redis-2.7.18.jar:2.7.18]
	at org.springframework.data.redis.core.RedisTemplate.execute(RedisTemplate.java:211) ~[spring-data-redis-2.7.18.jar:2.7.18]
	at org.springframework.data.redis.core.RedisTemplate.execute(RedisTemplate.java:191) ~[spring-data-redis-2.7.18.jar:2.7.18]
	at org.springframework.data.redis.core.AbstractOperations.execute(AbstractOperations.java:97) ~[spring-data-redis-2.7.18.jar:2.7.18]
	at org.springframework.data.redis.core.DefaultListOperations.rightPop(DefaultListOperations.java:233) ~[spring-data-redis-2.7.18.jar:2.7.18]
	at com.kama.notes.task.email.EmailTaskConsumer.resume(EmailTaskConsumer.java:40) ~[classes/:?]
	at com.kama.notes.task.email.EmailTaskConsumer$$FastClassBySpringCGLIB$$efeea6a0.invoke(<generated>) ~[classes/:?]
	at org.springframework.cglib.proxy.MethodProxy.invoke(MethodProxy.java:218) ~[spring-core-5.3.31.jar:5.3.31]
	at org.springframework.aop.framework.CglibAopProxy$CglibMethodInvocation.invokeJoinpoint(CglibAopProxy.java:792) ~[spring-aop-5.3.31.jar:5.3.31]
	at org.springframework.aop.framework.ReflectiveMethodInvocation.proceed(ReflectiveMethodInvocation.java:163) ~[spring-aop-5.3.31.jar:5.3.31]
	at org.springframework.aop.framework.CglibAopProxy$CglibMethodInvocation.proceed(CglibAopProxy.java:762) ~[spring-aop-5.3.31.jar:5.3.31]
	at org.springframework.aop.framework.adapter.MethodBeforeAdviceInterceptor.invoke(MethodBeforeAdviceInterceptor.java:58) ~[spring-aop-5.3.31.jar:5.3.31]
	at org.springframework.aop.framework.ReflectiveMethodInvocation.proceed(ReflectiveMethodInvocation.java:186) ~[spring-aop-5.3.31.jar:5.3.31]
	at org.springframework.aop.framework.CglibAopProxy$CglibMethodInvocation.proceed(CglibAopProxy.java:762) ~[spring-aop-5.3.31.jar:5.3.31]
	at org.springframework.aop.interceptor.ExposeInvocationInterceptor.invoke(ExposeInvocationInterceptor.java:97) ~[spring-aop-5.3.31.jar:5.3.31]
	at org.springframework.aop.framework.ReflectiveMethodInvocation.proceed(ReflectiveMethodInvocation.java:186) ~[spring-aop-5.3.31.jar:5.3.31]
	at org.springframework.aop.framework.CglibAopProxy$CglibMethodInvocation.proceed(CglibAopProxy.java:762) ~[spring-aop-5.3.31.jar:5.3.31]
	at org.springframework.aop.framework.CglibAopProxy$DynamicAdvisedInterceptor.intercept(CglibAopProxy.java:707) ~[spring-aop-5.3.31.jar:5.3.31]
	at com.kama.notes.task.email.EmailTaskConsumer$$EnhancerBySpringCGLIB$$4e78ebef.resume(<generated>) ~[classes/:?]
	at jdk.internal.reflect.DirectMethodHandleAccessor.invoke(DirectMethodHandleAccessor.java:103) ~[?:?]
	at java.lang.reflect.Method.invoke(Method.java:580) ~[?:?]
	at org.springframework.scheduling.support.ScheduledMethodRunnable.run(ScheduledMethodRunnable.java:84) ~[spring-context-5.3.31.jar:5.3.31]
	at org.springframework.scheduling.support.DelegatingErrorHandlingRunnable.run(DelegatingErrorHandlingRunnable.java:54) ~[spring-context-5.3.31.jar:5.3.31]
	at java.util.concurrent.Executors$RunnableAdapter.call(Executors.java:572) ~[?:?]
	at java.util.concurrent.FutureTask.runAndReset(FutureTask.java:358) ~[?:?]
	at java.util.concurrent.ScheduledThreadPoolExecutor$ScheduledFutureTask.run(ScheduledThreadPoolExecutor.java:305) ~[?:?]
	at java.util.concurrent.ThreadPoolExecutor.runWorker(ThreadPoolExecutor.java:1144) ~[?:?]
	at java.util.concurrent.ThreadPoolExecutor$Worker.run(ThreadPoolExecutor.java:642) ~[?:?]
	at java.lang.Thread.run(Thread.java:1570) ~[?:?]
Caused by: io.lettuce.core.RedisConnectionException: Unable to connect to localhost/<unresolved>:6379
	at io.lettuce.core.RedisConnectionException.create(RedisConnectionException.java:78) ~[lettuce-core-6.1.10.RELEASE.jar:6.1.10.RELEASE]
	at io.lettuce.core.RedisConnectionException.create(RedisConnectionException.java:56) ~[lettuce-core-6.1.10.RELEASE.jar:6.1.10.RELEASE]
	at io.lettuce.core.AbstractRedisClient.getConnection(AbstractRedisClient.java:330) ~[lettuce-core-6.1.10.RELEASE.jar:6.1.10.RELEASE]
	at io.lettuce.core.RedisClient.connect(RedisClient.java:216) ~[lettuce-core-6.1.10.RELEASE.jar:6.1.10.RELEASE]
	at org.springframework.data.redis.connection.lettuce.StandaloneConnectionProvider.lambda$getConnection$1(StandaloneConnectionProvider.java:115) ~[spring-data-redis-2.7.18.jar:2.7.18]
	at java.util.Optional.orElseGet(Optional.java:364) ~[?:?]
	at org.springframework.data.redis.connection.lettuce.StandaloneConnectionProvider.getConnection(StandaloneConnectionProvider.java:115) ~[spring-data-redis-2.7.18.jar:2.7.18]
	at org.springframework.data.redis.connection.lettuce.LettuceConnectionFactory$ExceptionTranslatingConnectionProvider.getConnection(LettuceConnectionFactory.java:1595) ~[spring-data-redis-2.7.18.jar:2.7.18]
	... 35 more
Caused by: io.netty.channel.AbstractChannel$AnnotatedConnectException: Connection refused: getsockopt: localhost/127.0.0.1:6379
Caused by: java.net.ConnectException: Connection refused: getsockopt
	at sun.nio.ch.Net.pollConnect(Native Method) ~[?:?]
	at sun.nio.ch.Net.pollConnectNow(Net.java:682) ~[?:?]
	at sun.nio.ch.SocketChannelImpl.finishConnect(SocketChannelImpl.java:1060) ~[?:?]
	at io.netty.channel.socket.nio.NioSocketChannel.doFinishConnect(NioSocketChannel.java:337) ~[netty-transport-4.1.101.Final.jar:4.1.101.Final]
	at io.netty.channel.nio.AbstractNioChannel$AbstractNioUnsafe.finishConnect(AbstractNioChannel.java:334) ~[netty-transport-4.1.101.Final.jar:4.1.101.Final]
	at io.netty.channel.nio.NioEventLoop.processSelectedKey(NioEventLoop.java:776) ~[netty-transport-4.1.101.Final.jar:4.1.101.Final]
	at io.netty.channel.nio.NioEventLoop.processSelectedKeysOptimized(NioEventLoop.java:724) ~[netty-transport-4.1.101.Final.jar:4.1.101.Final]
	at io.netty.channel.nio.NioEventLoop.processSelectedKeys(NioEventLoop.java:650) ~[netty-transport-4.1.101.Final.jar:4.1.101.Final]
	at io.netty.channel.nio.NioEventLoop.run(NioEventLoop.java:562) ~[netty-transport-4.1.101.Final.jar:4.1.101.Final]
	at io.netty.util.concurrent.SingleThreadEventExecutor$4.run(SingleThreadEventExecutor.java:997) ~[netty-common-4.1.101.Final.jar:4.1.101.Final]
	at io.netty.util.internal.ThreadExecutorMap$2.run(ThreadExecutorMap.java:74) ~[netty-common-4.1.101.Final.jar:4.1.101.Final]
	at io.netty.util.concurrent.FastThreadLocalRunnable.run(FastThreadLocalRunnable.java:30) ~[netty-common-4.1.101.Final.jar:4.1.101.Final]
	... 1 more
2026-08-13 15:21:25.232 [ERROR] [ScheduledTask-2] [traceId=30db270a-ed7b-43e6-9230-6f7991aa6680] org.springframework.scheduling.support.TaskUtils$LoggingErrorHandler - Unexpected error occurred in scheduled task
org.springframework.data.redis.RedisConnectionFailureException: Unable to connect to Redis; nested exception is io.lettuce.core.RedisConnectionException: Unable to connect to localhost/<unresolved>:6379
	at org.springframework.data.redis.connection.lettuce.LettuceConnectionFactory$ExceptionTranslatingConnectionProvider.translateException(LettuceConnectionFactory.java:1689) ~[spring-data-redis-2.7.18.jar:2.7.18]
	at org.springframework.data.redis.connection.lettuce.LettuceConnectionFactory$ExceptionTranslatingConnectionProvider.getConnection(LettuceConnectionFactory.java:1597) ~[spring-data-redis-2.7.18.jar:2.7.18]
	at org.springframework.data.redis.connection.lettuce.LettuceConnectionFactory$SharedConnection.getNativeConnection(LettuceConnectionFactory.java:1383) ~[spring-data-redis-2.7.18.jar:2.7.18]
	at org.springframework.data.redis.connection.lettuce.LettuceConnectionFactory$SharedConnection.getConnection(LettuceConnectionFactory.java:1366) ~[spring-data-redis-2.7.18.jar:2.7.18]
	at org.springframework.data.redis.connection.lettuce.LettuceConnectionFactory.getSharedConnection(LettuceConnectionFactory.java:1093) ~[spring-data-redis-2.7.18.jar:2.7.18]
	at org.springframework.data.redis.connection.lettuce.LettuceConnectionFactory.getConnection(LettuceConnectionFactory.java:421) ~[spring-data-redis-2.7.18.jar:2.7.18]
	at org.springframework.data.redis.core.RedisConnectionUtils.fetchConnection(RedisConnectionUtils.java:193) ~[spring-data-redis-2.7.18.jar:2.7.18]
	at org.springframework.data.redis.core.RedisConnectionUtils.doGetConnection(RedisConnectionUtils.java:144) ~[spring-data-redis-2.7.18.jar:2.7.18]
	at org.springframework.data.redis.core.RedisConnectionUtils.getConnection(RedisConnectionUtils.java:105) ~[spring-data-redis-2.7.18.jar:2.7.18]
	at org.springframework.data.redis.core.RedisTemplate.execute(RedisTemplate.java:211) ~[spring-data-redis-2.7.18.jar:2.7.18]
	at org.springframework.data.redis.core.RedisTemplate.execute(RedisTemplate.java:191) ~[spring-data-redis-2.7.18.jar:2.7.18]
	at org.springframework.data.redis.core.AbstractOperations.execute(AbstractOperations.java:97) ~[spring-data-redis-2.7.18.jar:2.7.18]
	at org.springframework.data.redis.core.DefaultListOperations.rightPop(DefaultListOperations.java:233) ~[spring-data-redis-2.7.18.jar:2.7.18]
	at com.kama.notes.task.email.EmailTaskConsumer.resume(EmailTaskConsumer.java:40) ~[classes/:?]
	at com.kama.notes.task.email.EmailTaskConsumer$$FastClassBySpringCGLIB$$efeea6a0.invoke(<generated>) ~[classes/:?]
	at org.springframework.cglib.proxy.MethodProxy.invoke(MethodProxy.java:218) ~[spring-core-5.3.31.jar:5.3.31]
	at org.springframework.aop.framework.CglibAopProxy$CglibMethodInvocation.invokeJoinpoint(CglibAopProxy.java:792) ~[spring-aop-5.3.31.jar:5.3.31]
	at org.springframework.aop.framework.ReflectiveMethodInvocation.proceed(ReflectiveMethodInvocation.java:163) ~[spring-aop-5.3.31.jar:5.3.31]
	at org.springframework.aop.framework.CglibAopProxy$CglibMethodInvocation.proceed(CglibAopProxy.java:762) ~[spring-aop-5.3.31.jar:5.3.31]
	at org.springframework.aop.framework.adapter.MethodBeforeAdviceInterceptor.invoke(MethodBeforeAdviceInterceptor.java:58) ~[spring-aop-5.3.31.jar:5.3.31]
	at org.springframework.aop.framework.ReflectiveMethodInvocation.proceed(ReflectiveMethodInvocation.java:186) ~[spring-aop-5.3.31.jar:5.3.31]
	at org.springframework.aop.framework.CglibAopProxy$CglibMethodInvocation.proceed(CglibAopProxy.java:762) ~[spring-aop-5.3.31.jar:5.3.31]
	at org.springframework.aop.interceptor.ExposeInvocationInterceptor.invoke(ExposeInvocationInterceptor.java:97) ~[spring-aop-5.3.31.jar:5.3.31]
	at org.springframework.aop.framework.ReflectiveMethodInvocation.proceed(ReflectiveMethodInvocation.java:186) ~[spring-aop-5.3.31.jar:5.3.31]
	at org.springframework.aop.framework.CglibAopProxy$CglibMethodInvocation.proceed(CglibAopProxy.java:762) ~[spring-aop-5.3.31.jar:5.3.31]
	at org.springframework.aop.framework.CglibAopProxy$DynamicAdvisedInterceptor.intercept(CglibAopProxy.java:707) ~[spring-aop-5.3.31.jar:5.3.31]
	at com.kama.notes.task.email.EmailTaskConsumer$$EnhancerBySpringCGLIB$$4e78ebef.resume(<generated>) ~[classes/:?]
	at jdk.internal.reflect.DirectMethodHandleAccessor.invoke(DirectMethodHandleAccessor.java:103) ~[?:?]
	at java.lang.reflect.Method.invoke(Method.java:580) ~[?:?]
	at org.springframework.scheduling.support.ScheduledMethodRunnable.run(ScheduledMethodRunnable.java:84) ~[spring-context-5.3.31.jar:5.3.31]
	at org.springframework.scheduling.support.DelegatingErrorHandlingRunnable.run(DelegatingErrorHandlingRunnable.java:54) ~[spring-context-5.3.31.jar:5.3.31]
	at java.util.concurrent.Executors$RunnableAdapter.call(Executors.java:572) ~[?:?]
	at java.util.concurrent.FutureTask.runAndReset(FutureTask.java:358) ~[?:?]
	at java.util.concurrent.ScheduledThreadPoolExecutor$ScheduledFutureTask.run(ScheduledThreadPoolExecutor.java:305) ~[?:?]
	at java.util.concurrent.ThreadPoolExecutor.runWorker(ThreadPoolExecutor.java:1144) ~[?:?]
	at java.util.concurrent.ThreadPoolExecutor$Worker.run(ThreadPoolExecutor.java:642) ~[?:?]
	at java.lang.Thread.run(Thread.java:1570) ~[?:?]
Caused by: io.lettuce.core.RedisConnectionException: Unable to connect to localhost/<unresolved>:6379
	at io.lettuce.core.RedisConnectionException.create(RedisConnectionException.java:78) ~[lettuce-core-6.1.10.RELEASE.jar:6.1.10.RELEASE]
	at io.lettuce.core.RedisConnectionException.create(RedisConnectionException.java:56) ~[lettuce-core-6.1.10.RELEASE.jar:6.1.10.RELEASE]
	at io.lettuce.core.AbstractRedisClient.getConnection(AbstractRedisClient.java:330) ~[lettuce-core-6.1.10.RELEASE.jar:6.1.10.RELEASE]
	at io.lettuce.core.RedisClient.connect(RedisClient.java:216) ~[lettuce-core-6.1.10.RELEASE.jar:6.1.10.RELEASE]
	at org.springframework.data.redis.connection.lettuce.StandaloneConnectionProvider.lambda$getConnection$1(StandaloneConnectionProvider.java:115) ~[spring-data-redis-2.7.18.jar:2.7.18]
	at java.util.Optional.orElseGet(Optional.java:364) ~[?:?]
	at org.springframework.data.redis.connection.lettuce.StandaloneConnectionProvider.getConnection(StandaloneConnectionProvider.java:115) ~[spring-data-redis-2.7.18.jar:2.7.18]
	at org.springframework.data.redis.connection.lettuce.LettuceConnectionFactory$ExceptionTranslatingConnectionProvider.getConnection(LettuceConnectionFactory.java:1595) ~[spring-data-redis-2.7.18.jar:2.7.18]
	... 35 more
Caused by: io.netty.channel.AbstractChannel$AnnotatedConnectException: Connection refused: getsockopt: localhost/127.0.0.1:6379
Caused by: java.net.ConnectException: Connection refused: getsockopt
	at sun.nio.ch.Net.pollConnect(Native Method) ~[?:?]
	at sun.nio.ch.Net.pollConnectNow(Net.java:682) ~[?:?]
	at sun.nio.ch.SocketChannelImpl.finishConnect(SocketChannelImpl.java:1060) ~[?:?]
	at io.netty.channel.socket.nio.NioSocketChannel.doFinishConnect(NioSocketChannel.java:337) ~[netty-transport-4.1.101.Final.jar:4.1.101.Final]
	at io.netty.channel.nio.AbstractNioChannel$AbstractNioUnsafe.finishConnect(AbstractNioChannel.java:334) ~[netty-transport-4.1.101.Final.jar:4.1.101.Final]
	at io.netty.channel.nio.NioEventLoop.processSelectedKey(NioEventLoop.java:776) ~[netty-transport-4.1.101.Final.jar:4.1.101.Final]
	at io.netty.channel.nio.NioEventLoop.processSelectedKeysOptimized(NioEventLoop.java:724) ~[netty-transport-4.1.101.Final.jar:4.1.101.Final]
	at io.netty.channel.nio.NioEventLoop.processSelectedKeys(NioEventLoop.java:650) ~[netty-transport-4.1.101.Final.jar:4.1.101.Final]
	at io.netty.channel.nio.NioEventLoop.run(NioEventLoop.java:562) ~[netty-transport-4.1.101.Final.jar:4.1.101.Final]
	at io.netty.util.concurrent.SingleThreadEventExecutor$4.run(SingleThreadEventExecutor.java:997) ~[netty-common-4.1.101.Final.jar:4.1.101.Final]
	at io.netty.util.internal.ThreadExecutorMap$2.run(ThreadExecutorMap.java:74) ~[netty-common-4.1.101.Final.jar:4.1.101.Final]
	at io.netty.util.concurrent.FastThreadLocalRunnable.run(FastThreadLocalRunnable.java:30) ~[netty-common-4.1.101.Final.jar:4.1.101.Final]
	... 1 more
2026-08-13 15:21:28.244 [ERROR] [ScheduledTask-3] [traceId=2ff5c4e8-43d5-4298-ae30-e9bbab16ee7f] org.springframework.scheduling.support.TaskUtils$LoggingErrorHandler - Unexpected error occurred in scheduled task
org.springframework.data.redis.RedisConnectionFailureException: Unable to connect to Redis; nested exception is io.lettuce.core.RedisConnectionException: Unable to connect to localhost/<unresolved>:6379
	at org.springframework.data.redis.connection.lettuce.LettuceConnectionFactory$ExceptionTranslatingConnectionProvider.translateException(LettuceConnectionFactory.java:1689) ~[spring-data-redis-2.7.18.jar:2.7.18]
	at org.springframework.data.redis.connection.lettuce.LettuceConnectionFactory$ExceptionTranslatingConnectionProvider.getConnection(LettuceConnectionFactory.java:1597) ~[spring-data-redis-2.7.18.jar:2.7.18]
	at org.springframework.data.redis.connection.lettuce.LettuceConnectionFactory$SharedConnection.getNativeConnection(LettuceConnectionFactory.java:1383) ~[spring-data-redis-2.7.18.jar:2.7.18]
	at org.springframework.data.redis.connection.lettuce.LettuceConnectionFactory$SharedConnection.getConnection(LettuceConnectionFactory.java:1366) ~[spring-data-redis-2.7.18.jar:2.7.18]
	at org.springframework.data.redis.connection.lettuce.LettuceConnectionFactory.getSharedConnection(LettuceConnectionFactory.java:1093) ~[spring-data-redis-2.7.18.jar:2.7.18]
	at org.springframework.data.redis.connection.lettuce.LettuceConnectionFactory.getConnection(LettuceConnectionFactory.java:421) ~[spring-data-redis-2.7.18.jar:2.7.18]
	at org.springframework.data.redis.core.RedisConnectionUtils.fetchConnection(RedisConnectionUtils.java:193) ~[spring-data-redis-2.7.18.jar:2.7.18]
	at org.springframework.data.redis.core.RedisConnectionUtils.doGetConnection(RedisConnectionUtils.java:144) ~[spring-data-redis-2.7.18.jar:2.7.18]
	at org.springframework.data.redis.core.RedisConnectionUtils.getConnection(RedisConnectionUtils.java:105) ~[spring-data-redis-2.7.18.jar:2.7.18]
	at org.springframework.data.redis.core.RedisTemplate.execute(RedisTemplate.java:211) ~[spring-data-redis-2.7.18.jar:2.7.18]
	at org.springframework.data.redis.core.RedisTemplate.execute(RedisTemplate.java:191) ~[spring-data-redis-2.7.18.jar:2.7.18]
	at org.springframework.data.redis.core.AbstractOperations.execute(AbstractOperations.java:97) ~[spring-data-redis-2.7.18.jar:2.7.18]
	at org.springframework.data.redis.core.DefaultListOperations.rightPop(DefaultListOperations.java:233) ~[spring-data-redis-2.7.18.jar:2.7.18]
	at com.kama.notes.task.email.EmailTaskConsumer.resume(EmailTaskConsumer.java:40) ~[classes/:?]
	at com.kama.notes.task.email.EmailTaskConsumer$$FastClassBySpringCGLIB$$efeea6a0.invoke(<generated>) ~[classes/:?]
	at org.springframework.cglib.proxy.MethodProxy.invoke(MethodProxy.java:218) ~[spring-core-5.3.31.jar:5.3.31]
	at org.springframework.aop.framework.CglibAopProxy$CglibMethodInvocation.invokeJoinpoint(CglibAopProxy.java:792) ~[spring-aop-5.3.31.jar:5.3.31]
	at org.springframework.aop.framework.ReflectiveMethodInvocation.proceed(ReflectiveMethodInvocation.java:163) ~[spring-aop-5.3.31.jar:5.3.31]
	at org.springframework.aop.framework.CglibAopProxy$CglibMethodInvocation.proceed(CglibAopProxy.java:762) ~[spring-aop-5.3.31.jar:5.3.31]
	at org.springframework.aop.framework.adapter.MethodBeforeAdviceInterceptor.invoke(MethodBeforeAdviceInterceptor.java:58) ~[spring-aop-5.3.31.jar:5.3.31]
	at org.springframework.aop.framework.ReflectiveMethodInvocation.proceed(ReflectiveMethodInvocation.java:186) ~[spring-aop-5.3.31.jar:5.3.31]
	at org.springframework.aop.framework.CglibAopProxy$CglibMethodInvocation.proceed(CglibAopProxy.java:762) ~[spring-aop-5.3.31.jar:5.3.31]
	at org.springframework.aop.interceptor.ExposeInvocationInterceptor.invoke(ExposeInvocationInterceptor.java:97) ~[spring-aop-5.3.31.jar:5.3.31]
	at org.springframework.aop.framework.ReflectiveMethodInvocation.proceed(ReflectiveMethodInvocation.java:186) ~[spring-aop-5.3.31.jar:5.3.31]
	at org.springframework.aop.framework.CglibAopProxy$CglibMethodInvocation.proceed(CglibAopProxy.java:762) ~[spring-aop-5.3.31.jar:5.3.31]
	at org.springframework.aop.framework.CglibAopProxy$DynamicAdvisedInterceptor.intercept(CglibAopProxy.java:707) ~[spring-aop-5.3.31.jar:5.3.31]
	at com.kama.notes.task.email.EmailTaskConsumer$$EnhancerBySpringCGLIB$$4e78ebef.resume(<generated>) ~[classes/:?]
	at jdk.internal.reflect.DirectMethodHandleAccessor.invoke(DirectMethodHandleAccessor.java:103) ~[?:?]
	at java.lang.reflect.Method.invoke(Method.java:580) ~[?:?]
	at org.springframework.scheduling.support.ScheduledMethodRunnable.run(ScheduledMethodRunnable.java:84) ~[spring-context-5.3.31.jar:5.3.31]
	at org.springframework.scheduling.support.DelegatingErrorHandlingRunnable.run(DelegatingErrorHandlingRunnable.java:54) ~[spring-context-5.3.31.jar:5.3.31]
	at java.util.concurrent.Executors$RunnableAdapter.call(Executors.java:572) ~[?:?]
	at java.util.concurrent.FutureTask.runAndReset(FutureTask.java:358) ~[?:?]
	at java.util.concurrent.ScheduledThreadPoolExecutor$ScheduledFutureTask.run(ScheduledThreadPoolExecutor.java:305) ~[?:?]
	at java.util.concurrent.ThreadPoolExecutor.runWorker(ThreadPoolExecutor.java:1144) ~[?:?]
	at java.util.concurrent.ThreadPoolExecutor$Worker.run(ThreadPoolExecutor.java:642) ~[?:?]
	at java.lang.Thread.run(Thread.java:1570) ~[?:?]
Caused by: io.lettuce.core.RedisConnectionException: Unable to connect to localhost/<unresolved>:6379
	at io.lettuce.core.RedisConnectionException.create(RedisConnectionException.java:78) ~[lettuce-core-6.1.10.RELEASE.jar:6.1.10.RELEASE]
	at io.lettuce.core.RedisConnectionException.create(RedisConnectionException.java:56) ~[lettuce-core-6.1.10.RELEASE.jar:6.1.10.RELEASE]
	at io.lettuce.core.AbstractRedisClient.getConnection(AbstractRedisClient.java:330) ~[lettuce-core-6.1.10.RELEASE.jar:6.1.10.RELEASE]
	at io.lettuce.core.RedisClient.connect(RedisClient.java:216) ~[lettuce-core-6.1.10.RELEASE.jar:6.1.10.RELEASE]
	at org.springframework.data.redis.connection.lettuce.StandaloneConnectionProvider.lambda$getConnection$1(StandaloneConnectionProvider.java:115) ~[spring-data-redis-2.7.18.jar:2.7.18]
	at java.util.Optional.orElseGet(Optional.java:364) ~[?:?]
	at org.springframework.data.redis.connection.lettuce.StandaloneConnectionProvider.getConnection(StandaloneConnectionProvider.java:115) ~[spring-data-redis-2.7.18.jar:2.7.18]
	at org.springframework.data.redis.connection.lettuce.LettuceConnectionFactory$ExceptionTranslatingConnectionProvider.getConnection(LettuceConnectionFactory.java:1595) ~[spring-data-redis-2.7.18.jar:2.7.18]
	... 35 more
Caused by: io.netty.channel.AbstractChannel$AnnotatedConnectException: Connection refused: getsockopt: localhost/127.0.0.1:6379
Caused by: java.net.ConnectException: Connection refused: getsockopt
	at sun.nio.ch.Net.pollConnect(Native Method) ~[?:?]
	at sun.nio.ch.Net.pollConnectNow(Net.java:682) ~[?:?]
	at sun.nio.ch.SocketChannelImpl.finishConnect(SocketChannelImpl.java:1060) ~[?:?]
	at io.netty.channel.socket.nio.NioSocketChannel.doFinishConnect(NioSocketChannel.java:337) ~[netty-transport-4.1.101.Final.jar:4.1.101.Final]
	at io.netty.channel.nio.AbstractNioChannel$AbstractNioUnsafe.finishConnect(AbstractNioChannel.java:334) ~[netty-transport-4.1.101.Final.jar:4.1.101.Final]
	at io.netty.channel.nio.NioEventLoop.processSelectedKey(NioEventLoop.java:776) ~[netty-transport-4.1.101.Final.jar:4.1.101.Final]
	at io.netty.channel.nio.NioEventLoop.processSelectedKeysOptimized(NioEventLoop.java:724) ~[netty-transport-4.1.101.Final.jar:4.1.101.Final]
	at io.netty.channel.nio.NioEventLoop.processSelectedKeys(NioEventLoop.java:650) ~[netty-transport-4.1.101.Final.jar:4.1.101.Final]
	at io.netty.channel.nio.NioEventLoop.run(NioEventLoop.java:562) ~[netty-transport-4.1.101.Final.jar:4.1.101.Final]
	at io.netty.util.concurrent.SingleThreadEventExecutor$4.run(SingleThreadEventExecutor.java:997) ~[netty-common-4.1.101.Final.jar:4.1.101.Final]
	at io.netty.util.internal.ThreadExecutorMap$2.run(ThreadExecutorMap.java:74) ~[netty-common-4.1.101.Final.jar:4.1.101.Final]
	at io.netty.util.concurrent.FastThreadLocalRunnable.run(FastThreadLocalRunnable.java:30) ~[netty-common-4.1.101.Final.jar:4.1.101.Final]
	... 1 more
2026-08-13 15:21:31.256 [ERROR] [ScheduledTask-7] [traceId=e4514c74-83f9-47a6-896d-24af2e419e61] org.springframework.scheduling.support.TaskUtils$LoggingErrorHandler - Unexpected error occurred in scheduled task
org.springframework.data.redis.RedisConnectionFailureException: Unable to connect to Redis; nested exception is io.lettuce.core.RedisConnectionException: Unable to connect to localhost/<unresolved>:6379
	at org.springframework.data.redis.connection.lettuce.LettuceConnectionFactory$ExceptionTranslatingConnectionProvider.translateException(LettuceConnectionFactory.java:1689) ~[spring-data-redis-2.7.18.jar:2.7.18]
	at org.springframework.data.redis.connection.lettuce.LettuceConnectionFactory$ExceptionTranslatingConnectionProvider.getConnection(LettuceConnectionFactory.java:1597) ~[spring-data-redis-2.7.18.jar:2.7.18]
	at org.springframework.data.redis.connection.lettuce.LettuceConnectionFactory$SharedConnection.getNativeConnection(LettuceConnectionFactory.java:1383) ~[spring-data-redis-2.7.18.jar:2.7.18]
	at org.springframework.data.redis.connection.lettuce.LettuceConnectionFactory$SharedConnection.getConnection(LettuceConnectionFactory.java:1366) ~[spring-data-redis-2.7.18.jar:2.7.18]
	at org.springframework.data.redis.connection.lettuce.LettuceConnectionFactory.getSharedConnection(LettuceConnectionFactory.java:1093) ~[spring-data-redis-2.7.18.jar:2.7.18]
	at org.springframework.data.redis.connection.lettuce.LettuceConnectionFactory.getConnection(LettuceConnectionFactory.java:421) ~[spring-data-redis-2.7.18.jar:2.7.18]
	at org.springframework.data.redis.core.RedisConnectionUtils.fetchConnection(RedisConnectionUtils.java:193) ~[spring-data-redis-2.7.18.jar:2.7.18]
	at org.springframework.data.redis.core.RedisConnectionUtils.doGetConnection(RedisConnectionUtils.java:144) ~[spring-data-redis-2.7.18.jar:2.7.18]
	at org.springframework.data.redis.core.RedisConnectionUtils.getConnection(RedisConnectionUtils.java:105) ~[spring-data-redis-2.7.18.jar:2.7.18]
	at org.springframework.data.redis.core.RedisTemplate.execute(RedisTemplate.java:211) ~[spring-data-redis-2.7.18.jar:2.7.18]
	at org.springframework.data.redis.core.RedisTemplate.execute(RedisTemplate.java:191) ~[spring-data-redis-2.7.18.jar:2.7.18]
	at org.springframework.data.redis.core.AbstractOperations.execute(AbstractOperations.java:97) ~[spring-data-redis-2.7.18.jar:2.7.18]
	at org.springframework.data.redis.core.DefaultListOperations.rightPop(DefaultListOperations.java:233) ~[spring-data-redis-2.7.18.jar:2.7.18]
	at com.kama.notes.task.email.EmailTaskConsumer.resume(EmailTaskConsumer.java:40) ~[classes/:?]
	at com.kama.notes.task.email.EmailTaskConsumer$$FastClassBySpringCGLIB$$efeea6a0.invoke(<generated>) ~[classes/:?]
	at org.springframework.cglib.proxy.MethodProxy.invoke(MethodProxy.java:218) ~[spring-core-5.3.31.jar:5.3.31]
	at org.springframework.aop.framework.CglibAopProxy$CglibMethodInvocation.invokeJoinpoint(CglibAopProxy.java:792) ~[spring-aop-5.3.31.jar:5.3.31]
	at org.springframework.aop.framework.ReflectiveMethodInvocation.proceed(ReflectiveMethodInvocation.java:163) ~[spring-aop-5.3.31.jar:5.3.31]
	at org.springframework.aop.framework.CglibAopProxy$CglibMethodInvocation.proceed(CglibAopProxy.java:762) ~[spring-aop-5.3.31.jar:5.3.31]
	at org.springframework.aop.framework.adapter.MethodBeforeAdviceInterceptor.invoke(MethodBeforeAdviceInterceptor.java:58) ~[spring-aop-5.3.31.jar:5.3.31]
	at org.springframework.aop.framework.ReflectiveMethodInvocation.proceed(ReflectiveMethodInvocation.java:186) ~[spring-aop-5.3.31.jar:5.3.31]
	at org.springframework.aop.framework.CglibAopProxy$CglibMethodInvocation.proceed(CglibAopProxy.java:762) ~[spring-aop-5.3.31.jar:5.3.31]
	at org.springframework.aop.interceptor.ExposeInvocationInterceptor.invoke(ExposeInvocationInterceptor.java:97) ~[spring-aop-5.3.31.jar:5.3.31]
	at org.springframework.aop.framework.ReflectiveMethodInvocation.proceed(ReflectiveMethodInvocation.java:186) ~[spring-aop-5.3.31.jar:5.3.31]
	at org.springframework.aop.framework.CglibAopProxy$CglibMethodInvocation.proceed(CglibAopProxy.java:762) ~[spring-aop-5.3.31.jar:5.3.31]
	at org.springframework.aop.framework.CglibAopProxy$DynamicAdvisedInterceptor.intercept(CglibAopProxy.java:707) ~[spring-aop-5.3.31.jar:5.3.31]
	at com.kama.notes.task.email.EmailTaskConsumer$$EnhancerBySpringCGLIB$$4e78ebef.resume(<generated>) ~[classes/:?]
	at jdk.internal.reflect.DirectMethodHandleAccessor.invoke(DirectMethodHandleAccessor.java:103) ~[?:?]
	at java.lang.reflect.Method.invoke(Method.java:580) ~[?:?]
	at org.springframework.scheduling.support.ScheduledMethodRunnable.run(ScheduledMethodRunnable.java:84) ~[spring-context-5.3.31.jar:5.3.31]
	at org.springframework.scheduling.support.DelegatingErrorHandlingRunnable.run(DelegatingErrorHandlingRunnable.java:54) ~[spring-context-5.3.31.jar:5.3.31]
	at java.util.concurrent.Executors$RunnableAdapter.call(Executors.java:572) ~[?:?]
	at java.util.concurrent.FutureTask.runAndReset(FutureTask.java:358) ~[?:?]
	at java.util.concurrent.ScheduledThreadPoolExecutor$ScheduledFutureTask.run(ScheduledThreadPoolExecutor.java:305) ~[?:?]
	at java.util.concurrent.ThreadPoolExecutor.runWorker(ThreadPoolExecutor.java:1144) ~[?:?]
	at java.util.concurrent.ThreadPoolExecutor$Worker.run(ThreadPoolExecutor.java:642) ~[?:?]
	at java.lang.Thread.run(Thread.java:1570) ~[?:?]
Caused by: io.lettuce.core.RedisConnectionException: Unable to connect to localhost/<unresolved>:6379
	at io.lettuce.core.RedisConnectionException.create(RedisConnectionException.java:78) ~[lettuce-core-6.1.10.RELEASE.jar:6.1.10.RELEASE]
	at io.lettuce.core.RedisConnectionException.create(RedisConnectionException.java:56) ~[lettuce-core-6.1.10.RELEASE.jar:6.1.10.RELEASE]
	at io.lettuce.core.AbstractRedisClient.getConnection(AbstractRedisClient.java:330) ~[lettuce-core-6.1.10.RELEASE.jar:6.1.10.RELEASE]
	at io.lettuce.core.RedisClient.connect(RedisClient.java:216) ~[lettuce-core-6.1.10.RELEASE.jar:6.1.10.RELEASE]
	at org.springframework.data.redis.connection.lettuce.StandaloneConnectionProvider.lambda$getConnection$1(StandaloneConnectionProvider.java:115) ~[spring-data-redis-2.7.18.jar:2.7.18]
	at java.util.Optional.orElseGet(Optional.java:364) ~[?:?]
	at org.springframework.data.redis.connection.lettuce.StandaloneConnectionProvider.getConnection(StandaloneConnectionProvider.java:115) ~[spring-data-redis-2.7.18.jar:2.7.18]
	at org.springframework.data.redis.connection.lettuce.LettuceConnectionFactory$ExceptionTranslatingConnectionProvider.getConnection(LettuceConnectionFactory.java:1595) ~[spring-data-redis-2.7.18.jar:2.7.18]
	... 35 more
Caused by: io.netty.channel.AbstractChannel$AnnotatedConnectException: Connection refused: getsockopt: localhost/127.0.0.1:6379
Caused by: java.net.ConnectException: Connection refused: getsockopt
	at sun.nio.ch.Net.pollConnect(Native Method) ~[?:?]
	at sun.nio.ch.Net.pollConnectNow(Net.java:682) ~[?:?]
	at sun.nio.ch.SocketChannelImpl.finishConnect(SocketChannelImpl.java:1060) ~[?:?]
	at io.netty.channel.socket.nio.NioSocketChannel.doFinishConnect(NioSocketChannel.java:337) ~[netty-transport-4.1.101.Final.jar:4.1.101.Final]
	at io.netty.channel.nio.AbstractNioChannel$AbstractNioUnsafe.finishConnect(AbstractNioChannel.java:334) ~[netty-transport-4.1.101.Final.jar:4.1.101.Final]
	at io.netty.channel.nio.NioEventLoop.processSelectedKey(NioEventLoop.java:776) ~[netty-transport-4.1.101.Final.jar:4.1.101.Final]
	at io.netty.channel.nio.NioEventLoop.processSelectedKeysOptimized(NioEventLoop.java:724) ~[netty-transport-4.1.101.Final.jar:4.1.101.Final]
	at io.netty.channel.nio.NioEventLoop.processSelectedKeys(NioEventLoop.java:650) ~[netty-transport-4.1.101.Final.jar:4.1.101.Final]
	at io.netty.channel.nio.NioEventLoop.run(NioEventLoop.java:562) ~[netty-transport-4.1.101.Final.jar:4.1.101.Final]
	at io.netty.util.concurrent.SingleThreadEventExecutor$4.run(SingleThreadEventExecutor.java:997) ~[netty-common-4.1.101.Final.jar:4.1.101.Final]
	at io.netty.util.internal.ThreadExecutorMap$2.run(ThreadExecutorMap.java:74) ~[netty-common-4.1.101.Final.jar:4.1.101.Final]
	at io.netty.util.concurrent.FastThreadLocalRunnable.run(FastThreadLocalRunnable.java:30) ~[netty-common-4.1.101.Final.jar:4.1.101.Final]
	... 1 more
2026-08-13 15:21:34.263 [ERROR] [ScheduledTask-7] [traceId=e4514c74-83f9-47a6-896d-24af2e419e61] org.springframework.scheduling.support.TaskUtils$LoggingErrorHandler - Unexpected error occurred in scheduled task
org.springframework.data.redis.RedisConnectionFailureException: Unable to connect to Redis; nested exception is io.lettuce.core.RedisConnectionException: Unable to connect to localhost/<unresolved>:6379
	at org.springframework.data.redis.connection.lettuce.LettuceConnectionFactory$ExceptionTranslatingConnectionProvider.translateException(LettuceConnectionFactory.java:1689) ~[spring-data-redis-2.7.18.jar:2.7.18]
	at org.springframework.data.redis.connection.lettuce.LettuceConnectionFactory$ExceptionTranslatingConnectionProvider.getConnection(LettuceConnectionFactory.java:1597) ~[spring-data-redis-2.7.18.jar:2.7.18]
	at org.springframework.data.redis.connection.lettuce.LettuceConnectionFactory$SharedConnection.getNativeConnection(LettuceConnectionFactory.java:1383) ~[spring-data-redis-2.7.18.jar:2.7.18]
	at org.springframework.data.redis.connection.lettuce.LettuceConnectionFactory$SharedConnection.getConnection(LettuceConnectionFactory.java:1366) ~[spring-data-redis-2.7.18.jar:2.7.18]
	at org.springframework.data.redis.connection.lettuce.LettuceConnectionFactory.getSharedConnection(LettuceConnectionFactory.java:1093) ~[spring-data-redis-2.7.18.jar:2.7.18]
	at org.springframework.data.redis.connection.lettuce.LettuceConnectionFactory.getConnection(LettuceConnectionFactory.java:421) ~[spring-data-redis-2.7.18.jar:2.7.18]
	at org.springframework.data.redis.core.RedisConnectionUtils.fetchConnection(RedisConnectionUtils.java:193) ~[spring-data-redis-2.7.18.jar:2.7.18]
	at org.springframework.data.redis.core.RedisConnectionUtils.doGetConnection(RedisConnectionUtils.java:144) ~[spring-data-redis-2.7.18.jar:2.7.18]
	at org.springframework.data.redis.core.RedisConnectionUtils.getConnection(RedisConnectionUtils.java:105) ~[spring-data-redis-2.7.18.jar:2.7.18]
	at org.springframework.data.redis.core.RedisTemplate.execute(RedisTemplate.java:211) ~[spring-data-redis-2.7.18.jar:2.7.18]
	at org.springframework.data.redis.core.RedisTemplate.execute(RedisTemplate.java:191) ~[spring-data-redis-2.7.18.jar:2.7.18]
	at org.springframework.data.redis.core.AbstractOperations.execute(AbstractOperations.java:97) ~[spring-data-redis-2.7.18.jar:2.7.18]
	at org.springframework.data.redis.core.DefaultListOperations.rightPop(DefaultListOperations.java:233) ~[spring-data-redis-2.7.18.jar:2.7.18]
	at com.kama.notes.task.email.EmailTaskConsumer.resume(EmailTaskConsumer.java:40) ~[classes/:?]
	at com.kama.notes.task.email.EmailTaskConsumer$$FastClassBySpringCGLIB$$efeea6a0.invoke(<generated>) ~[classes/:?]
	at org.springframework.cglib.proxy.MethodProxy.invoke(MethodProxy.java:218) ~[spring-core-5.3.31.jar:5.3.31]
	at org.springframework.aop.framework.CglibAopProxy$CglibMethodInvocation.invokeJoinpoint(CglibAopProxy.java:792) ~[spring-aop-5.3.31.jar:5.3.31]
	at org.springframework.aop.framework.ReflectiveMethodInvocation.proceed(ReflectiveMethodInvocation.java:163) ~[spring-aop-5.3.31.jar:5.3.31]
	at org.springframework.aop.framework.CglibAopProxy$CglibMethodInvocation.proceed(CglibAopProxy.java:762) ~[spring-aop-5.3.31.jar:5.3.31]
	at org.springframework.aop.framework.adapter.MethodBeforeAdviceInterceptor.invoke(MethodBeforeAdviceInterceptor.java:58) ~[spring-aop-5.3.31.jar:5.3.31]
	at org.springframework.aop.framework.ReflectiveMethodInvocation.proceed(ReflectiveMethodInvocation.java:186) ~[spring-aop-5.3.31.jar:5.3.31]
	at org.springframework.aop.framework.CglibAopProxy$CglibMethodInvocation.proceed(CglibAopProxy.java:762) ~[spring-aop-5.3.31.jar:5.3.31]
	at org.springframework.aop.interceptor.ExposeInvocationInterceptor.invoke(ExposeInvocationInterceptor.java:97) ~[spring-aop-5.3.31.jar:5.3.31]
	at org.springframework.aop.framework.ReflectiveMethodInvocation.proceed(ReflectiveMethodInvocation.java:186) ~[spring-aop-5.3.31.jar:5.3.31]
	at org.springframework.aop.framework.CglibAopProxy$CglibMethodInvocation.proceed(CglibAopProxy.java:762) ~[spring-aop-5.3.31.jar:5.3.31]
	at org.springframework.aop.framework.CglibAopProxy$DynamicAdvisedInterceptor.intercept(CglibAopProxy.java:707) ~[spring-aop-5.3.31.jar:5.3.31]
	at com.kama.notes.task.email.EmailTaskConsumer$$EnhancerBySpringCGLIB$$4e78ebef.resume(<generated>) ~[classes/:?]
	at jdk.internal.reflect.DirectMethodHandleAccessor.invoke(DirectMethodHandleAccessor.java:103) ~[?:?]
	at java.lang.reflect.Method.invoke(Method.java:580) ~[?:?]
	at org.springframework.scheduling.support.ScheduledMethodRunnable.run(ScheduledMethodRunnable.java:84) ~[spring-context-5.3.31.jar:5.3.31]
	at org.springframework.scheduling.support.DelegatingErrorHandlingRunnable.run(DelegatingErrorHandlingRunnable.java:54) ~[spring-context-5.3.31.jar:5.3.31]
	at java.util.concurrent.Executors$RunnableAdapter.call(Executors.java:572) ~[?:?]
	at java.util.concurrent.FutureTask.runAndReset(FutureTask.java:358) ~[?:?]
	at java.util.concurrent.ScheduledThreadPoolExecutor$ScheduledFutureTask.run(ScheduledThreadPoolExecutor.java:305) ~[?:?]
	at java.util.concurrent.ThreadPoolExecutor.runWorker(ThreadPoolExecutor.java:1144) ~[?:?]
	at java.util.concurrent.ThreadPoolExecutor$Worker.run(ThreadPoolExecutor.java:642) ~[?:?]
	at java.lang.Thread.run(Thread.java:1570) ~[?:?]
Caused by: io.lettuce.core.RedisConnectionException: Unable to connect to localhost/<unresolved>:6379
	at io.lettuce.core.RedisConnectionException.create(RedisConnectionException.java:78) ~[lettuce-core-6.1.10.RELEASE.jar:6.1.10.RELEASE]
	at io.lettuce.core.RedisConnectionException.create(RedisConnectionException.java:56) ~[lettuce-core-6.1.10.RELEASE.jar:6.1.10.RELEASE]
	at io.lettuce.core.AbstractRedisClient.getConnection(AbstractRedisClient.java:330) ~[lettuce-core-6.1.10.RELEASE.jar:6.1.10.RELEASE]
	at io.lettuce.core.RedisClient.connect(RedisClient.java:216) ~[lettuce-core-6.1.10.RELEASE.jar:6.1.10.RELEASE]
	at org.springframework.data.redis.connection.lettuce.StandaloneConnectionProvider.lambda$getConnection$1(StandaloneConnectionProvider.java:115) ~[spring-data-redis-2.7.18.jar:2.7.18]
	at java.util.Optional.orElseGet(Optional.java:364) ~[?:?]
	at org.springframework.data.redis.connection.lettuce.StandaloneConnectionProvider.getConnection(StandaloneConnectionProvider.java:115) ~[spring-data-redis-2.7.18.jar:2.7.18]
	at org.springframework.data.redis.connection.lettuce.LettuceConnectionFactory$ExceptionTranslatingConnectionProvider.getConnection(LettuceConnectionFactory.java:1595) ~[spring-data-redis-2.7.18.jar:2.7.18]
	... 35 more
Caused by: io.netty.channel.AbstractChannel$AnnotatedConnectException: Connection refused: getsockopt: localhost/127.0.0.1:6379
Caused by: java.net.ConnectException: Connection refused: getsockopt
	at sun.nio.ch.Net.pollConnect(Native Method) ~[?:?]
	at sun.nio.ch.Net.pollConnectNow(Net.java:682) ~[?:?]
	at sun.nio.ch.SocketChannelImpl.finishConnect(SocketChannelImpl.java:1060) ~[?:?]
	at io.netty.channel.socket.nio.NioSocketChannel.doFinishConnect(NioSocketChannel.java:337) ~[netty-transport-4.1.101.Final.jar:4.1.101.Final]
	at io.netty.channel.nio.AbstractNioChannel$AbstractNioUnsafe.finishConnect(AbstractNioChannel.java:334) ~[netty-transport-4.1.101.Final.jar:4.1.101.Final]
	at io.netty.channel.nio.NioEventLoop.processSelectedKey(NioEventLoop.java:776) ~[netty-transport-4.1.101.Final.jar:4.1.101.Final]
	at io.netty.channel.nio.NioEventLoop.processSelectedKeysOptimized(NioEventLoop.java:724) ~[netty-transport-4.1.101.Final.jar:4.1.101.Final]
	at io.netty.channel.nio.NioEventLoop.processSelectedKeys(NioEventLoop.java:650) ~[netty-transport-4.1.101.Final.jar:4.1.101.Final]
	at io.netty.channel.nio.NioEventLoop.run(NioEventLoop.java:562) ~[netty-transport-4.1.101.Final.jar:4.1.101.Final]
	at io.netty.util.concurrent.SingleThreadEventExecutor$4.run(SingleThreadEventExecutor.java:997) ~[netty-common-4.1.101.Final.jar:4.1.101.Final]
	at io.netty.util.internal.ThreadExecutorMap$2.run(ThreadExecutorMap.java:74) ~[netty-common-4.1.101.Final.jar:4.1.101.Final]
	at io.netty.util.concurrent.FastThreadLocalRunnable.run(FastThreadLocalRunnable.java:30) ~[netty-common-4.1.101.Final.jar:4.1.101.Final]
	... 1 more
2026-08-13 15:21:47.926 [INFO ] [http-nio-8080-exec-1] [traceId=] org.apache.catalina.core.ContainerBase.[Tomcat].[localhost].[/] - Initializing Spring DispatcherServlet 'dispatcherServlet'
2026-08-13 15:21:47.927 [INFO ] [http-nio-8080-exec-1] [traceId=] org.springframework.web.servlet.DispatcherServlet - Initializing Servlet 'dispatcherServlet'
2026-08-13 15:21:47.927 [INFO ] [http-nio-8080-exec-1] [traceId=] org.springframework.web.servlet.DispatcherServlet - Completed initialization in 0 ms
2026-08-13 15:21:48.081 [INFO ] [http-nio-8080-exec-5] [traceId=b78631ca-1b7b-4453-a77b-b70b35c1eb6e] com.zaxxer.hikari.HikariDataSource - HikariPool-1 - Starting...
2026-08-13 15:21:53.264 [ERROR] [http-nio-8080-exec-5] [traceId=b78631ca-1b7b-4453-a77b-b70b35c1eb6e] com.zaxxer.hikari.pool.HikariPool - HikariPool-1 - Exception during pool initialization.
com.mysql.cj.jdbc.exceptions.CommunicationsException: Communications link failure

The last packet sent successfully to the server was 0 milliseconds ago. The driver has not received any packets from the server.
	at com.mysql.cj.jdbc.exceptions.SQLError.createCommunicationsException(SQLError.java:175) ~[mysql-connector-j-8.0.33.jar:8.0.33]
	at com.mysql.cj.jdbc.exceptions.SQLExceptionsMapping.translateException(SQLExceptionsMapping.java:64) ~[mysql-connector-j-8.0.33.jar:8.0.33]
	at com.mysql.cj.jdbc.ConnectionImpl.createNewIO(ConnectionImpl.java:825) ~[mysql-connector-j-8.0.33.jar:8.0.33]
	at com.mysql.cj.jdbc.ConnectionImpl.<init>(ConnectionImpl.java:446) ~[mysql-connector-j-8.0.33.jar:8.0.33]
	at com.mysql.cj.jdbc.ConnectionImpl.getInstance(ConnectionImpl.java:239) ~[mysql-connector-j-8.0.33.jar:8.0.33]
	at com.mysql.cj.jdbc.NonRegisteringDriver.connect(NonRegisteringDriver.java:188) ~[mysql-connector-j-8.0.33.jar:8.0.33]
	at com.zaxxer.hikari.util.DriverDataSource.getConnection(DriverDataSource.java:138) ~[HikariCP-4.0.3.jar:?]
	at com.zaxxer.hikari.pool.PoolBase.newConnection(PoolBase.java:364) ~[HikariCP-4.0.3.jar:?]
	at com.zaxxer.hikari.pool.PoolBase.newPoolEntry(PoolBase.java:206) ~[HikariCP-4.0.3.jar:?]
	at com.zaxxer.hikari.pool.HikariPool.createPoolEntry(HikariPool.java:476) ~[HikariCP-4.0.3.jar:?]
	at com.zaxxer.hikari.pool.HikariPool.checkFailFast(HikariPool.java:561) ~[HikariCP-4.0.3.jar:?]
	at com.zaxxer.hikari.pool.HikariPool.<init>(HikariPool.java:115) ~[HikariCP-4.0.3.jar:?]
	at com.zaxxer.hikari.HikariDataSource.getConnection(HikariDataSource.java:112) ~[HikariCP-4.0.3.jar:?]
	at org.springframework.jdbc.datasource.DataSourceTransactionManager.doBegin(DataSourceTransactionManager.java:269) ~[spring-jdbc-5.3.31.jar:5.3.31]
	at org.springframework.transaction.support.AbstractPlatformTransactionManager.startTransaction(AbstractPlatformTransactionManager.java:400) ~[spring-tx-5.3.31.jar:5.3.31]
	at org.springframework.transaction.support.AbstractPlatformTransactionManager.getTransaction(AbstractPlatformTransactionManager.java:373) ~[spring-tx-5.3.31.jar:5.3.31]
	at org.springframework.transaction.interceptor.TransactionAspectSupport.createTransactionIfNecessary(TransactionAspectSupport.java:595) ~[spring-tx-5.3.31.jar:5.3.31]
	at org.springframework.transaction.interceptor.TransactionAspectSupport.invokeWithinTransaction(TransactionAspectSupport.java:382) ~[spring-tx-5.3.31.jar:5.3.31]
	at org.springframework.transaction.interceptor.TransactionInterceptor.invoke(TransactionInterceptor.java:119) ~[spring-tx-5.3.31.jar:5.3.31]
	at org.springframework.aop.framework.ReflectiveMethodInvocation.proceed(ReflectiveMethodInvocation.java:186) ~[spring-aop-5.3.31.jar:5.3.31]
	at org.springframework.aop.framework.CglibAopProxy$CglibMethodInvocation.proceed(CglibAopProxy.java:762) ~[spring-aop-5.3.31.jar:5.3.31]
	at org.springframework.aop.interceptor.ExposeInvocationInterceptor.invoke(ExposeInvocationInterceptor.java:97) ~[spring-aop-5.3.31.jar:5.3.31]
	at org.springframework.aop.framework.ReflectiveMethodInvocation.proceed(ReflectiveMethodInvocation.java:186) ~[spring-aop-5.3.31.jar:5.3.31]
	at org.springframework.aop.framework.CglibAopProxy$CglibMethodInvocation.proceed(CglibAopProxy.java:762) ~[spring-aop-5.3.31.jar:5.3.31]
	at org.springframework.aop.framework.CglibAopProxy$DynamicAdvisedInterceptor.intercept(CglibAopProxy.java:707) ~[spring-aop-5.3.31.jar:5.3.31]
	at com.kama.notes.service.impl.UserServiceImpl$$EnhancerBySpringCGLIB$$1fcc84e3.whoami(<generated>) ~[classes/:?]
	at com.kama.notes.controller.UserController.whoami(UserController.java:80) ~[classes/:?]
	at com.kama.notes.controller.UserController$$FastClassBySpringCGLIB$$1b765955.invoke(<generated>) ~[classes/:?]
	at org.springframework.cglib.proxy.MethodProxy.invoke(MethodProxy.java:218) ~[spring-core-5.3.31.jar:5.3.31]
	at org.springframework.aop.framework.CglibAopProxy$CglibMethodInvocation.invokeJoinpoint(CglibAopProxy.java:792) ~[spring-aop-5.3.31.jar:5.3.31]
	at org.springframework.aop.framework.ReflectiveMethodInvocation.proceed(ReflectiveMethodInvocation.java:163) ~[spring-aop-5.3.31.jar:5.3.31]
	at org.springframework.aop.framework.CglibAopProxy$CglibMethodInvocation.proceed(CglibAopProxy.java:762) ~[spring-aop-5.3.31.jar:5.3.31]
	at org.springframework.aop.framework.adapter.MethodBeforeAdviceInterceptor.invoke(MethodBeforeAdviceInterceptor.java:58) ~[spring-aop-5.3.31.jar:5.3.31]
	at org.springframework.aop.framework.ReflectiveMethodInvocation.proceed(ReflectiveMethodInvocation.java:186) ~[spring-aop-5.3.31.jar:5.3.31]
	at org.springframework.aop.framework.CglibAopProxy$CglibMethodInvocation.proceed(CglibAopProxy.java:762) ~[spring-aop-5.3.31.jar:5.3.31]
	at org.springframework.aop.interceptor.ExposeInvocationInterceptor.invoke(ExposeInvocationInterceptor.java:97) ~[spring-aop-5.3.31.jar:5.3.31]
	at org.springframework.aop.framework.ReflectiveMethodInvocation.proceed(ReflectiveMethodInvocation.java:186) ~[spring-aop-5.3.31.jar:5.3.31]
	at org.springframework.aop.framework.CglibAopProxy$CglibMethodInvocation.proceed(CglibAopProxy.java:762) ~[spring-aop-5.3.31.jar:5.3.31]
	at org.springframework.aop.framework.CglibAopProxy$DynamicAdvisedInterceptor.intercept(CglibAopProxy.java:707) ~[spring-aop-5.3.31.jar:5.3.31]
	at com.kama.notes.controller.UserController$$EnhancerBySpringCGLIB$$bf66dd2e.whoami(<generated>) ~[classes/:?]
	at jdk.internal.reflect.DirectMethodHandleAccessor.invoke(DirectMethodHandleAccessor.java:103) ~[?:?]
	at java.lang.reflect.Method.invoke(Method.java:580) ~[?:?]
	at org.springframework.web.method.support.InvocableHandlerMethod.doInvoke(InvocableHandlerMethod.java:205) ~[spring-web-5.3.31.jar:5.3.31]
	at org.springframework.web.method.support.InvocableHandlerMethod.invokeForRequest(InvocableHandlerMethod.java:150) ~[spring-web-5.3.31.jar:5.3.31]
	at org.springframework.web.servlet.mvc.method.annotation.ServletInvocableHandlerMethod.invokeAndHandle(ServletInvocableHandlerMethod.java:117) ~[spring-webmvc-5.3.31.jar:5.3.31]
	at org.springframework.web.servlet.mvc.method.annotation.RequestMappingHandlerAdapter.invokeHandlerMethod(RequestMappingHandlerAdapter.java:895) ~[spring-webmvc-5.3.31.jar:5.3.31]
	at org.springframework.web.servlet.mvc.method.annotation.RequestMappingHandlerAdapter.handleInternal(RequestMappingHandlerAdapter.java:808) ~[spring-webmvc-5.3.31.jar:5.3.31]
	at org.springframework.web.servlet.mvc.method.AbstractHandlerMethodAdapter.handle(AbstractHandlerMethodAdapter.java:87) ~[spring-webmvc-5.3.31.jar:5.3.31]
	at org.springframework.web.servlet.DispatcherServlet.doDispatch(DispatcherServlet.java:1072) ~[spring-webmvc-5.3.31.jar:5.3.31]
	at org.springframework.web.servlet.DispatcherServlet.doService(DispatcherServlet.java:965) ~[spring-webmvc-5.3.31.jar:5.3.31]
	at org.springframework.web.servlet.FrameworkServlet.processRequest(FrameworkServlet.java:1006) ~[spring-webmvc-5.3.31.jar:5.3.31]
	at org.springframework.web.servlet.FrameworkServlet.doPost(FrameworkServlet.java:909) ~[spring-webmvc-5.3.31.jar:5.3.31]
	at javax.servlet.http.HttpServlet.service(HttpServlet.java:555) ~[tomcat-embed-core-9.0.83.jar:4.0.FR]
	at org.springframework.web.servlet.FrameworkServlet.service(FrameworkServlet.java:883) ~[spring-webmvc-5.3.31.jar:5.3.31]
	at javax.servlet.http.HttpServlet.service(HttpServlet.java:623) ~[tomcat-embed-core-9.0.83.jar:4.0.FR]
	at org.apache.catalina.core.ApplicationFilterChain.internalDoFilter(ApplicationFilterChain.java:209) ~[tomcat-embed-core-9.0.83.jar:9.0.83]
	at org.apache.catalina.core.ApplicationFilterChain.doFilter(ApplicationFilterChain.java:153) ~[tomcat-embed-core-9.0.83.jar:9.0.83]
	at org.apache.tomcat.websocket.server.WsFilter.doFilter(WsFilter.java:51) ~[tomcat-embed-websocket-9.0.83.jar:9.0.83]
	at org.apache.catalina.core.ApplicationFilterChain.internalDoFilter(ApplicationFilterChain.java:178) ~[tomcat-embed-core-9.0.83.jar:9.0.83]
	at org.apache.catalina.core.ApplicationFilterChain.doFilter(ApplicationFilterChain.java:153) ~[tomcat-embed-core-9.0.83.jar:9.0.83]
	at com.kama.notes.filter.TraceIdFilter.doFilter(TraceIdFilter.java:21) ~[classes/:?]
	at org.apache.catalina.core.ApplicationFilterChain.internalDoFilter(ApplicationFilterChain.java:178) ~[tomcat-embed-core-9.0.83.jar:9.0.83]
	at org.apache.catalina.core.ApplicationFilterChain.doFilter(ApplicationFilterChain.java:153) ~[tomcat-embed-core-9.0.83.jar:9.0.83]
	at org.springframework.security.web.FilterChainProxy$VirtualFilterChain.doFilter(FilterChainProxy.java:337) ~[spring-security-web-5.7.11.jar:5.7.11]
	at org.springframework.security.web.access.intercept.FilterSecurityInterceptor.invoke(FilterSecurityInterceptor.java:115) ~[spring-security-web-5.7.11.jar:5.7.11]
	at org.springframework.security.web.access.intercept.FilterSecurityInterceptor.doFilter(FilterSecurityInterceptor.java:81) ~[spring-security-web-5.7.11.jar:5.7.11]
	at org.springframework.security.web.FilterChainProxy$VirtualFilterChain.doFilter(FilterChainProxy.java:346) ~[spring-security-web-5.7.11.jar:5.7.11]
	at org.springframework.security.web.access.ExceptionTranslationFilter.doFilter(ExceptionTranslationFilter.java:122) ~[spring-security-web-5.7.11.jar:5.7.11]
	at org.springframework.security.web.access.ExceptionTranslationFilter.doFilter(ExceptionTranslationFilter.java:116) ~[spring-security-web-5.7.11.jar:5.7.11]
	at org.springframework.security.web.FilterChainProxy$VirtualFilterChain.doFilter(FilterChainProxy.java:346) ~[spring-security-web-5.7.11.jar:5.7.11]
	at org.springframework.security.web.session.SessionManagementFilter.doFilter(SessionManagementFilter.java:126) ~[spring-security-web-5.7.11.jar:5.7.11]
	at org.springframework.security.web.session.SessionManagementFilter.doFilter(SessionManagementFilter.java:81) ~[spring-security-web-5.7.11.jar:5.7.11]
	at org.springframework.security.web.FilterChainProxy$VirtualFilterChain.doFilter(FilterChainProxy.java:346) ~[spring-security-web-5.7.11.jar:5.7.11]
	at org.springframework.security.web.authentication.AnonymousAuthenticationFilter.doFilter(AnonymousAuthenticationFilter.java:109) ~[spring-security-web-5.7.11.jar:5.7.11]
	at org.springframework.security.web.FilterChainProxy$VirtualFilterChain.doFilter(FilterChainProxy.java:346) ~[spring-security-web-5.7.11.jar:5.7.11]
	at org.springframework.security.web.servletapi.SecurityContextHolderAwareRequestFilter.doFilter(SecurityContextHolderAwareRequestFilter.java:149) ~[spring-security-web-5.7.11.jar:5.7.11]
	at org.springframework.security.web.FilterChainProxy$VirtualFilterChain.doFilter(FilterChainProxy.java:346) ~[spring-security-web-5.7.11.jar:5.7.11]
	at org.springframework.security.web.savedrequest.RequestCacheAwareFilter.doFilter(RequestCacheAwareFilter.java:63) ~[spring-security-web-5.7.11.jar:5.7.11]
	at org.springframework.security.web.FilterChainProxy$VirtualFilterChain.doFilter(FilterChainProxy.java:346) ~[spring-security-web-5.7.11.jar:5.7.11]
	at org.springframework.security.web.authentication.logout.LogoutFilter.doFilter(LogoutFilter.java:103) ~[spring-security-web-5.7.11.jar:5.7.11]
	at org.springframework.security.web.authentication.logout.LogoutFilter.doFilter(LogoutFilter.java:89) ~[spring-security-web-5.7.11.jar:5.7.11]
	at org.springframework.security.web.FilterChainProxy$VirtualFilterChain.doFilter(FilterChainProxy.java:346) ~[spring-security-web-5.7.11.jar:5.7.11]
	at org.springframework.web.filter.CorsFilter.doFilterInternal(CorsFilter.java:91) ~[spring-web-5.3.31.jar:5.3.31]
	at org.springframework.web.filter.OncePerRequestFilter.doFilter(OncePerRequestFilter.java:117) ~[spring-web-5.3.31.jar:5.3.31]
	at org.springframework.security.web.FilterChainProxy$VirtualFilterChain.doFilter(FilterChainProxy.java:346) ~[spring-security-web-5.7.11.jar:5.7.11]
	at org.springframework.security.web.header.HeaderWriterFilter.doHeadersAfter(HeaderWriterFilter.java:90) ~[spring-security-web-5.7.11.jar:5.7.11]
	at org.springframework.security.web.header.HeaderWriterFilter.doFilterInternal(HeaderWriterFilter.java:75) ~[spring-security-web-5.7.11.jar:5.7.11]
	at org.springframework.web.filter.OncePerRequestFilter.doFilter(OncePerRequestFilter.java:117) ~[spring-web-5.3.31.jar:5.3.31]
	at org.springframework.security.web.FilterChainProxy$VirtualFilterChain.doFilter(FilterChainProxy.java:346) ~[spring-security-web-5.7.11.jar:5.7.11]
	at org.springframework.security.web.context.SecurityContextPersistenceFilter.doFilter(SecurityContextPersistenceFilter.java:112) ~[spring-security-web-5.7.11.jar:5.7.11]
	at org.springframework.security.web.context.SecurityContextPersistenceFilter.doFilter(SecurityContextPersistenceFilter.java:82) ~[spring-security-web-5.7.11.jar:5.7.11]
	at org.springframework.security.web.FilterChainProxy$VirtualFilterChain.doFilter(FilterChainProxy.java:346) ~[spring-security-web-5.7.11.jar:5.7.11]
	at org.springframework.security.web.context.request.async.WebAsyncManagerIntegrationFilter.doFilterInternal(WebAsyncManagerIntegrationFilter.java:55) ~[spring-security-web-5.7.11.jar:5.7.11]
	at org.springframework.web.filter.OncePerRequestFilter.doFilter(OncePerRequestFilter.java:117) ~[spring-web-5.3.31.jar:5.3.31]
	at org.springframework.security.web.FilterChainProxy$VirtualFilterChain.doFilter(FilterChainProxy.java:346) ~[spring-security-web-5.7.11.jar:5.7.11]
	at org.springframework.security.web.session.DisableEncodeUrlFilter.doFilterInternal(DisableEncodeUrlFilter.java:42) ~[spring-security-web-5.7.11.jar:5.7.11]
	at org.springframework.web.filter.OncePerRequestFilter.doFilter(OncePerRequestFilter.java:117) ~[spring-web-5.3.31.jar:5.3.31]
	at org.springframework.security.web.FilterChainProxy$VirtualFilterChain.doFilter(FilterChainProxy.java:346) ~[spring-security-web-5.7.11.jar:5.7.11]
	at org.springframework.security.web.FilterChainProxy.doFilterInternal(FilterChainProxy.java:221) ~[spring-security-web-5.7.11.jar:5.7.11]
	at org.springframework.security.web.FilterChainProxy.doFilter(FilterChainProxy.java:186) ~[spring-security-web-5.7.11.jar:5.7.11]
	at org.springframework.web.filter.DelegatingFilterProxy.invokeDelegate(DelegatingFilterProxy.java:354) ~[spring-web-5.3.31.jar:5.3.31]
	at org.springframework.web.filter.DelegatingFilterProxy.doFilter(DelegatingFilterProxy.java:267) ~[spring-web-5.3.31.jar:5.3.31]
	at org.apache.catalina.core.ApplicationFilterChain.internalDoFilter(ApplicationFilterChain.java:178) ~[tomcat-embed-core-9.0.83.jar:9.0.83]
	at org.apache.catalina.core.ApplicationFilterChain.doFilter(ApplicationFilterChain.java:153) ~[tomcat-embed-core-9.0.83.jar:9.0.83]
	at org.springframework.web.filter.RequestContextFilter.doFilterInternal(RequestContextFilter.java:100) ~[spring-web-5.3.31.jar:5.3.31]
	at org.springframework.web.filter.OncePerRequestFilter.doFilter(OncePerRequestFilter.java:117) ~[spring-web-5.3.31.jar:5.3.31]
	at org.apache.catalina.core.ApplicationFilterChain.internalDoFilter(ApplicationFilterChain.java:178) ~[tomcat-embed-core-9.0.83.jar:9.0.83]
	at org.apache.catalina.core.ApplicationFilterChain.doFilter(ApplicationFilterChain.java:153) ~[tomcat-embed-core-9.0.83.jar:9.0.83]
	at org.springframework.web.filter.FormContentFilter.doFilterInternal(FormContentFilter.java:93) ~[spring-web-5.3.31.jar:5.3.31]
	at org.springframework.web.filter.OncePerRequestFilter.doFilter(OncePerRequestFilter.java:117) ~[spring-web-5.3.31.jar:5.3.31]
	at org.apache.catalina.core.ApplicationFilterChain.internalDoFilter(ApplicationFilterChain.java:178) ~[tomcat-embed-core-9.0.83.jar:9.0.83]
	at org.apache.catalina.core.ApplicationFilterChain.doFilter(ApplicationFilterChain.java:153) ~[tomcat-embed-core-9.0.83.jar:9.0.83]
	at org.springframework.web.filter.CharacterEncodingFilter.doFilterInternal(CharacterEncodingFilter.java:201) ~[spring-web-5.3.31.jar:5.3.31]
	at org.springframework.web.filter.OncePerRequestFilter.doFilter(OncePerRequestFilter.java:117) ~[spring-web-5.3.31.jar:5.3.31]
	at org.apache.catalina.core.ApplicationFilterChain.internalDoFilter(ApplicationFilterChain.java:178) ~[tomcat-embed-core-9.0.83.jar:9.0.83]
	at org.apache.catalina.core.ApplicationFilterChain.doFilter(ApplicationFilterChain.java:153) ~[tomcat-embed-core-9.0.83.jar:9.0.83]
	at org.apache.catalina.core.StandardWrapperValve.invoke(StandardWrapperValve.java:168) ~[tomcat-embed-core-9.0.83.jar:9.0.83]
	at org.apache.catalina.core.StandardContextValve.invoke(StandardContextValve.java:90) ~[tomcat-embed-core-9.0.83.jar:9.0.83]
	at org.apache.catalina.authenticator.AuthenticatorBase.invoke(AuthenticatorBase.java:481) ~[tomcat-embed-core-9.0.83.jar:9.0.83]
	at org.apache.catalina.core.StandardHostValve.invoke(StandardHostValve.java:130) ~[tomcat-embed-core-9.0.83.jar:9.0.83]
	at org.apache.catalina.valves.ErrorReportValve.invoke(ErrorReportValve.java:93) ~[tomcat-embed-core-9.0.83.jar:9.0.83]
	at org.apache.catalina.core.StandardEngineValve.invoke(StandardEngineValve.java:74) ~[tomcat-embed-core-9.0.83.jar:9.0.83]
	at org.apache.catalina.connector.CoyoteAdapter.service(CoyoteAdapter.java:342) ~[tomcat-embed-core-9.0.83.jar:9.0.83]
	at org.apache.coyote.http11.Http11Processor.service(Http11Processor.java:390) ~[tomcat-embed-core-9.0.83.jar:9.0.83]
	at org.apache.coyote.AbstractProcessorLight.process(AbstractProcessorLight.java:63) ~[tomcat-embed-core-9.0.83.jar:9.0.83]
	at org.apache.coyote.AbstractProtocol$ConnectionHandler.process(AbstractProtocol.java:928) ~[tomcat-embed-core-9.0.83.jar:9.0.83]
	at org.apache.tomcat.util.net.NioEndpoint$SocketProcessor.doRun(NioEndpoint.java:1794) ~[tomcat-embed-core-9.0.83.jar:9.0.83]
	at org.apache.tomcat.util.net.SocketProcessorBase.run(SocketProcessorBase.java:52) ~[tomcat-embed-core-9.0.83.jar:9.0.83]
	at org.apache.tomcat.util.threads.ThreadPoolExecutor.runWorker(ThreadPoolExecutor.java:1191) ~[tomcat-embed-core-9.0.83.jar:9.0.83]
	at org.apache.tomcat.util.threads.ThreadPoolExecutor$Worker.run(ThreadPoolExecutor.java:659) ~[tomcat-embed-core-9.0.83.jar:9.0.83]
	at org.apache.tomcat.util.threads.TaskThread$WrappingRunnable.run(TaskThread.java:61) ~[tomcat-embed-core-9.0.83.jar:9.0.83]
	at java.lang.Thread.run(Thread.java:1570) ~[?:?]
Caused by: com.mysql.cj.exceptions.CJCommunicationsException: Communications link failure

The last packet sent successfully to the server was 0 milliseconds ago. The driver has not received any packets from the server.
	at jdk.internal.reflect.DirectConstructorHandleAccessor.newInstance(DirectConstructorHandleAccessor.java:62) ~[?:?]
	at java.lang.reflect.Constructor.newInstanceWithCaller(Constructor.java:502) ~[?:?]
	at java.lang.reflect.Constructor.newInstance(Constructor.java:486) ~[?:?]
	at com.mysql.cj.exceptions.ExceptionFactory.createException(ExceptionFactory.java:62) ~[mysql-connector-j-8.0.33.jar:8.0.33]
	at com.mysql.cj.exceptions.ExceptionFactory.createException(ExceptionFactory.java:105) ~[mysql-connector-j-8.0.33.jar:8.0.33]
	at com.mysql.cj.exceptions.ExceptionFactory.createException(ExceptionFactory.java:150) ~[mysql-connector-j-8.0.33.jar:8.0.33]
	at com.mysql.cj.exceptions.ExceptionFactory.createCommunicationsException(ExceptionFactory.java:166) ~[mysql-connector-j-8.0.33.jar:8.0.33]
	at com.mysql.cj.protocol.a.NativeProtocol.readMessage(NativeProtocol.java:582) ~[mysql-connector-j-8.0.33.jar:8.0.33]
	at com.mysql.cj.protocol.a.NativeProtocol.readServerCapabilities(NativeProtocol.java:537) ~[mysql-connector-j-8.0.33.jar:8.0.33]
	at com.mysql.cj.protocol.a.NativeProtocol.beforeHandshake(NativeProtocol.java:424) ~[mysql-connector-j-8.0.33.jar:8.0.33]
	at com.mysql.cj.protocol.a.NativeProtocol.connect(NativeProtocol.java:1428) ~[mysql-connector-j-8.0.33.jar:8.0.33]
	at com.mysql.cj.NativeSession.connect(NativeSession.java:134) ~[mysql-connector-j-8.0.33.jar:8.0.33]
	at com.mysql.cj.jdbc.ConnectionImpl.connectOneTryOnly(ConnectionImpl.java:945) ~[mysql-connector-j-8.0.33.jar:8.0.33]
	at com.mysql.cj.jdbc.ConnectionImpl.createNewIO(ConnectionImpl.java:815) ~[mysql-connector-j-8.0.33.jar:8.0.33]
	... 129 more
Caused by: java.net.SocketException: Connection reset
	at sun.nio.ch.NioSocketImpl.implRead(NioSocketImpl.java:318) ~[?:?]
	at sun.nio.ch.NioSocketImpl.read(NioSocketImpl.java:346) ~[?:?]
	at sun.nio.ch.NioSocketImpl$1.read(NioSocketImpl.java:796) ~[?:?]
	at java.net.Socket$SocketInputStream.implRead(Socket.java:1108) ~[?:?]
	at java.net.Socket$SocketInputStream.read(Socket.java:1095) ~[?:?]
	at com.mysql.cj.protocol.ReadAheadInputStream.fill(ReadAheadInputStream.java:107) ~[mysql-connector-j-8.0.33.jar:8.0.33]
	at com.mysql.cj.protocol.ReadAheadInputStream.readFromUnderlyingStreamIfNecessary(ReadAheadInputStream.java:150) ~[mysql-connector-j-8.0.33.jar:8.0.33]
	at com.mysql.cj.protocol.ReadAheadInputStream.read(ReadAheadInputStream.java:180) ~[mysql-connector-j-8.0.33.jar:8.0.33]
	at java.io.FilterInputStream.read(FilterInputStream.java:119) ~[?:?]
	at com.mysql.cj.protocol.FullReadInputStream.readFully(FullReadInputStream.java:64) ~[mysql-connector-j-8.0.33.jar:8.0.33]
	at com.mysql.cj.protocol.a.SimplePacketReader.readHeaderLocal(SimplePacketReader.java:81) ~[mysql-connector-j-8.0.33.jar:8.0.33]
	at com.mysql.cj.protocol.a.SimplePacketReader.readHeader(SimplePacketReader.java:63) ~[mysql-connector-j-8.0.33.jar:8.0.33]
	at com.mysql.cj.protocol.a.SimplePacketReader.readHeader(SimplePacketReader.java:45) ~[mysql-connector-j-8.0.33.jar:8.0.33]
	at com.mysql.cj.protocol.a.NativeProtocol.readMessage(NativeProtocol.java:576) ~[mysql-connector-j-8.0.33.jar:8.0.33]
	at com.mysql.cj.protocol.a.NativeProtocol.readServerCapabilities(NativeProtocol.java:537) ~[mysql-connector-j-8.0.33.jar:8.0.33]
	at com.mysql.cj.protocol.a.NativeProtocol.beforeHandshake(NativeProtocol.java:424) ~[mysql-connector-j-8.0.33.jar:8.0.33]
	at com.mysql.cj.protocol.a.NativeProtocol.connect(NativeProtocol.java:1428) ~[mysql-connector-j-8.0.33.jar:8.0.33]
	at com.mysql.cj.NativeSession.connect(NativeSession.java:134) ~[mysql-connector-j-8.0.33.jar:8.0.33]
	at com.mysql.cj.jdbc.ConnectionImpl.connectOneTryOnly(ConnectionImpl.java:945) ~[mysql-connector-j-8.0.33.jar:8.0.33]
	at com.mysql.cj.jdbc.ConnectionImpl.createNewIO(ConnectionImpl.java:815) ~[mysql-connector-j-8.0.33.jar:8.0.33]
	... 129 more
2026-08-13 15:21:53.268 [INFO ] [http-nio-8080-exec-2] [traceId=1ee68c5d-304f-415d-b70c-2d6170e6b8d2] com.zaxxer.hikari.HikariDataSource - HikariPool-1 - Starting...
2026-08-13 15:21:53.315 [WARN ] [http-nio-8080-exec-5] [traceId=b78631ca-1b7b-4453-a77b-b70b35c1eb6e] org.springframework.web.servlet.mvc.method.annotation.ExceptionHandlerExceptionResolver - Resolved [org.springframework.transaction.CannotCreateTransactionException: Could not open JDBC Connection for transaction; nested exception is com.mysql.cj.jdbc.exceptions.CommunicationsException: Communications link failure<EOL><EOL>The last packet sent successfully to the server was 0 milliseconds ago. The driver has not received any packets from the server.]
2026-08-13 15:21:54.277 [ERROR] [http-nio-8080-exec-2] [traceId=1ee68c5d-304f-415d-b70c-2d6170e6b8d2] com.zaxxer.hikari.pool.HikariPool - HikariPool-1 - Exception during pool initialization.
com.mysql.cj.jdbc.exceptions.CommunicationsException: Communications link failure

The last packet sent successfully to the server was 0 milliseconds ago. The driver has not received any packets from the server.
	at com.mysql.cj.jdbc.exceptions.SQLError.createCommunicationsException(SQLError.java:175) ~[mysql-connector-j-8.0.33.jar:8.0.33]
	at com.mysql.cj.jdbc.exceptions.SQLExceptionsMapping.translateException(SQLExceptionsMapping.java:64) ~[mysql-connector-j-8.0.33.jar:8.0.33]
	at com.mysql.cj.jdbc.ConnectionImpl.createNewIO(ConnectionImpl.java:825) ~[mysql-connector-j-8.0.33.jar:8.0.33]
	at com.mysql.cj.jdbc.ConnectionImpl.<init>(ConnectionImpl.java:446) ~[mysql-connector-j-8.0.33.jar:8.0.33]
	at com.mysql.cj.jdbc.ConnectionImpl.getInstance(ConnectionImpl.java:239) ~[mysql-connector-j-8.0.33.jar:8.0.33]
	at com.mysql.cj.jdbc.NonRegisteringDriver.connect(NonRegisteringDriver.java:188) ~[mysql-connector-j-8.0.33.jar:8.0.33]
	at com.zaxxer.hikari.util.DriverDataSource.getConnection(DriverDataSource.java:138) ~[HikariCP-4.0.3.jar:?]
	at com.zaxxer.hikari.pool.PoolBase.newConnection(PoolBase.java:364) ~[HikariCP-4.0.3.jar:?]
	at com.zaxxer.hikari.pool.PoolBase.newPoolEntry(PoolBase.java:206) ~[HikariCP-4.0.3.jar:?]
	at com.zaxxer.hikari.pool.HikariPool.createPoolEntry(HikariPool.java:476) ~[HikariCP-4.0.3.jar:?]
	at com.zaxxer.hikari.pool.HikariPool.checkFailFast(HikariPool.java:561) ~[HikariCP-4.0.3.jar:?]
	at com.zaxxer.hikari.pool.HikariPool.<init>(HikariPool.java:115) ~[HikariCP-4.0.3.jar:?]
	at com.zaxxer.hikari.HikariDataSource.getConnection(HikariDataSource.java:112) ~[HikariCP-4.0.3.jar:?]
	at org.springframework.jdbc.datasource.DataSourceTransactionManager.doBegin(DataSourceTransactionManager.java:269) ~[spring-jdbc-5.3.31.jar:5.3.31]
	at org.springframework.transaction.support.AbstractPlatformTransactionManager.startTransaction(AbstractPlatformTransactionManager.java:400) ~[spring-tx-5.3.31.jar:5.3.31]
	at org.springframework.transaction.support.AbstractPlatformTransactionManager.getTransaction(AbstractPlatformTransactionManager.java:373) ~[spring-tx-5.3.31.jar:5.3.31]
	at org.springframework.transaction.interceptor.TransactionAspectSupport.createTransactionIfNecessary(TransactionAspectSupport.java:595) ~[spring-tx-5.3.31.jar:5.3.31]
	at org.springframework.transaction.interceptor.TransactionAspectSupport.invokeWithinTransaction(TransactionAspectSupport.java:382) ~[spring-tx-5.3.31.jar:5.3.31]
	at org.springframework.transaction.interceptor.TransactionInterceptor.invoke(TransactionInterceptor.java:119) ~[spring-tx-5.3.31.jar:5.3.31]
	at org.springframework.aop.framework.ReflectiveMethodInvocation.proceed(ReflectiveMethodInvocation.java:186) ~[spring-aop-5.3.31.jar:5.3.31]
	at org.springframework.aop.framework.CglibAopProxy$CglibMethodInvocation.proceed(CglibAopProxy.java:762) ~[spring-aop-5.3.31.jar:5.3.31]
	at org.springframework.aop.interceptor.ExposeInvocationInterceptor.invoke(ExposeInvocationInterceptor.java:97) ~[spring-aop-5.3.31.jar:5.3.31]
	at org.springframework.aop.framework.ReflectiveMethodInvocation.proceed(ReflectiveMethodInvocation.java:186) ~[spring-aop-5.3.31.jar:5.3.31]
	at org.springframework.aop.framework.CglibAopProxy$CglibMethodInvocation.proceed(CglibAopProxy.java:762) ~[spring-aop-5.3.31.jar:5.3.31]
	at org.springframework.aop.framework.CglibAopProxy$DynamicAdvisedInterceptor.intercept(CglibAopProxy.java:707) ~[spring-aop-5.3.31.jar:5.3.31]
	at com.kama.notes.service.impl.NoteServiceImpl$$EnhancerBySpringCGLIB$$6b5f00ee.getNotes(<generated>) ~[classes/:?]
	at com.kama.notes.controller.NoteController.getNotes(NoteController.java:54) ~[classes/:?]
	at com.kama.notes.controller.NoteController$$FastClassBySpringCGLIB$$182558bc.invoke(<generated>) ~[classes/:?]
	at org.springframework.cglib.proxy.MethodProxy.invoke(MethodProxy.java:218) ~[spring-core-5.3.31.jar:5.3.31]
	at org.springframework.aop.framework.CglibAopProxy$CglibMethodInvocation.invokeJoinpoint(CglibAopProxy.java:792) ~[spring-aop-5.3.31.jar:5.3.31]
	at org.springframework.aop.framework.ReflectiveMethodInvocation.proceed(ReflectiveMethodInvocation.java:163) ~[spring-aop-5.3.31.jar:5.3.31]
	at org.springframework.aop.framework.CglibAopProxy$CglibMethodInvocation.proceed(CglibAopProxy.java:762) ~[spring-aop-5.3.31.jar:5.3.31]
	at org.springframework.aop.framework.adapter.MethodBeforeAdviceInterceptor.invoke(MethodBeforeAdviceInterceptor.java:58) ~[spring-aop-5.3.31.jar:5.3.31]
	at org.springframework.aop.framework.ReflectiveMethodInvocation.proceed(ReflectiveMethodInvocation.java:186) ~[spring-aop-5.3.31.jar:5.3.31]
	at org.springframework.aop.framework.CglibAopProxy$CglibMethodInvocation.proceed(CglibAopProxy.java:762) ~[spring-aop-5.3.31.jar:5.3.31]
	at org.springframework.aop.interceptor.ExposeInvocationInterceptor.invoke(ExposeInvocationInterceptor.java:97) ~[spring-aop-5.3.31.jar:5.3.31]
	at org.springframework.aop.framework.ReflectiveMethodInvocation.proceed(ReflectiveMethodInvocation.java:186) ~[spring-aop-5.3.31.jar:5.3.31]
	at org.springframework.aop.framework.CglibAopProxy$CglibMethodInvocation.proceed(CglibAopProxy.java:762) ~[spring-aop-5.3.31.jar:5.3.31]
	at org.springframework.aop.framework.CglibAopProxy$DynamicAdvisedInterceptor.intercept(CglibAopProxy.java:707) ~[spring-aop-5.3.31.jar:5.3.31]
	at com.kama.notes.controller.NoteController$$EnhancerBySpringCGLIB$$e2df33c3.getNotes(<generated>) ~[classes/:?]
	at jdk.internal.reflect.DirectMethodHandleAccessor.invoke(DirectMethodHandleAccessor.java:103) ~[?:?]
	at java.lang.reflect.Method.invoke(Method.java:580) ~[?:?]
	at org.springframework.web.method.support.InvocableHandlerMethod.doInvoke(InvocableHandlerMethod.java:205) ~[spring-web-5.3.31.jar:5.3.31]
	at org.springframework.web.method.support.InvocableHandlerMethod.invokeForRequest(InvocableHandlerMethod.java:150) ~[spring-web-5.3.31.jar:5.3.31]
	at org.springframework.web.servlet.mvc.method.annotation.ServletInvocableHandlerMethod.invokeAndHandle(ServletInvocableHandlerMethod.java:117) ~[spring-webmvc-5.3.31.jar:5.3.31]
	at org.springframework.web.servlet.mvc.method.annotation.RequestMappingHandlerAdapter.invokeHandlerMethod(RequestMappingHandlerAdapter.java:895) ~[spring-webmvc-5.3.31.jar:5.3.31]
	at org.springframework.web.servlet.mvc.method.annotation.RequestMappingHandlerAdapter.handleInternal(RequestMappingHandlerAdapter.java:808) ~[spring-webmvc-5.3.31.jar:5.3.31]
	at org.springframework.web.servlet.mvc.method.AbstractHandlerMethodAdapter.handle(AbstractHandlerMethodAdapter.java:87) ~[spring-webmvc-5.3.31.jar:5.3.31]
	at org.springframework.web.servlet.DispatcherServlet.doDispatch(DispatcherServlet.java:1072) ~[spring-webmvc-5.3.31.jar:5.3.31]
	at org.springframework.web.servlet.DispatcherServlet.doService(DispatcherServlet.java:965) ~[spring-webmvc-5.3.31.jar:5.3.31]
	at org.springframework.web.servlet.FrameworkServlet.processRequest(FrameworkServlet.java:1006) ~[spring-webmvc-5.3.31.jar:5.3.31]
	at org.springframework.web.servlet.FrameworkServlet.doGet(FrameworkServlet.java:898) ~[spring-webmvc-5.3.31.jar:5.3.31]
	at javax.servlet.http.HttpServlet.service(HttpServlet.java:529) ~[tomcat-embed-core-9.0.83.jar:4.0.FR]
	at org.springframework.web.servlet.FrameworkServlet.service(FrameworkServlet.java:883) ~[spring-webmvc-5.3.31.jar:5.3.31]
	at javax.servlet.http.HttpServlet.service(HttpServlet.java:623) ~[tomcat-embed-core-9.0.83.jar:4.0.FR]
	at org.apache.catalina.core.ApplicationFilterChain.internalDoFilter(ApplicationFilterChain.java:209) ~[tomcat-embed-core-9.0.83.jar:9.0.83]
	at org.apache.catalina.core.ApplicationFilterChain.doFilter(ApplicationFilterChain.java:153) ~[tomcat-embed-core-9.0.83.jar:9.0.83]
	at org.apache.tomcat.websocket.server.WsFilter.doFilter(WsFilter.java:51) ~[tomcat-embed-websocket-9.0.83.jar:9.0.83]
	at org.apache.catalina.core.ApplicationFilterChain.internalDoFilter(ApplicationFilterChain.java:178) ~[tomcat-embed-core-9.0.83.jar:9.0.83]
	at org.apache.catalina.core.ApplicationFilterChain.doFilter(ApplicationFilterChain.java:153) ~[tomcat-embed-core-9.0.83.jar:9.0.83]
	at com.kama.notes.filter.TraceIdFilter.doFilter(TraceIdFilter.java:21) ~[classes/:?]
	at org.apache.catalina.core.ApplicationFilterChain.internalDoFilter(ApplicationFilterChain.java:178) ~[tomcat-embed-core-9.0.83.jar:9.0.83]
	at org.apache.catalina.core.ApplicationFilterChain.doFilter(ApplicationFilterChain.java:153) ~[tomcat-embed-core-9.0.83.jar:9.0.83]
	at org.springframework.security.web.FilterChainProxy$VirtualFilterChain.doFilter(FilterChainProxy.java:337) ~[spring-security-web-5.7.11.jar:5.7.11]
	at org.springframework.security.web.access.intercept.FilterSecurityInterceptor.invoke(FilterSecurityInterceptor.java:115) ~[spring-security-web-5.7.11.jar:5.7.11]
	at org.springframework.security.web.access.intercept.FilterSecurityInterceptor.doFilter(FilterSecurityInterceptor.java:81) ~[spring-security-web-5.7.11.jar:5.7.11]
	at org.springframework.security.web.FilterChainProxy$VirtualFilterChain.doFilter(FilterChainProxy.java:346) ~[spring-security-web-5.7.11.jar:5.7.11]
	at org.springframework.security.web.access.ExceptionTranslationFilter.doFilter(ExceptionTranslationFilter.java:122) ~[spring-security-web-5.7.11.jar:5.7.11]
	at org.springframework.security.web.access.ExceptionTranslationFilter.doFilter(ExceptionTranslationFilter.java:116) ~[spring-security-web-5.7.11.jar:5.7.11]
	at org.springframework.security.web.FilterChainProxy$VirtualFilterChain.doFilter(FilterChainProxy.java:346) ~[spring-security-web-5.7.11.jar:5.7.11]
	at org.springframework.security.web.session.SessionManagementFilter.doFilter(SessionManagementFilter.java:126) ~[spring-security-web-5.7.11.jar:5.7.11]
	at org.springframework.security.web.session.SessionManagementFilter.doFilter(SessionManagementFilter.java:81) ~[spring-security-web-5.7.11.jar:5.7.11]
	at org.springframework.security.web.FilterChainProxy$VirtualFilterChain.doFilter(FilterChainProxy.java:346) ~[spring-security-web-5.7.11.jar:5.7.11]
	at org.springframework.security.web.authentication.AnonymousAuthenticationFilter.doFilter(AnonymousAuthenticationFilter.java:109) ~[spring-security-web-5.7.11.jar:5.7.11]
	at org.springframework.security.web.FilterChainProxy$VirtualFilterChain.doFilter(FilterChainProxy.java:346) ~[spring-security-web-5.7.11.jar:5.7.11]
	at org.springframework.security.web.servletapi.SecurityContextHolderAwareRequestFilter.doFilter(SecurityContextHolderAwareRequestFilter.java:149) ~[spring-security-web-5.7.11.jar:5.7.11]
	at org.springframework.security.web.FilterChainProxy$VirtualFilterChain.doFilter(FilterChainProxy.java:346) ~[spring-security-web-5.7.11.jar:5.7.11]
	at org.springframework.security.web.savedrequest.RequestCacheAwareFilter.doFilter(RequestCacheAwareFilter.java:63) ~[spring-security-web-5.7.11.jar:5.7.11]
	at org.springframework.security.web.FilterChainProxy$VirtualFilterChain.doFilter(FilterChainProxy.java:346) ~[spring-security-web-5.7.11.jar:5.7.11]
	at org.springframework.security.web.authentication.logout.LogoutFilter.doFilter(LogoutFilter.java:103) ~[spring-security-web-5.7.11.jar:5.7.11]
	at org.springframework.security.web.authentication.logout.LogoutFilter.doFilter(LogoutFilter.java:89) ~[spring-security-web-5.7.11.jar:5.7.11]
	at org.springframework.security.web.FilterChainProxy$VirtualFilterChain.doFilter(FilterChainProxy.java:346) ~[spring-security-web-5.7.11.jar:5.7.11]
	at org.springframework.web.filter.CorsFilter.doFilterInternal(CorsFilter.java:91) ~[spring-web-5.3.31.jar:5.3.31]
	at org.springframework.web.filter.OncePerRequestFilter.doFilter(OncePerRequestFilter.java:117) ~[spring-web-5.3.31.jar:5.3.31]
	at org.springframework.security.web.FilterChainProxy$VirtualFilterChain.doFilter(FilterChainProxy.java:346) ~[spring-security-web-5.7.11.jar:5.7.11]
	at org.springframework.security.web.header.HeaderWriterFilter.doHeadersAfter(HeaderWriterFilter.java:90) ~[spring-security-web-5.7.11.jar:5.7.11]
	at org.springframework.security.web.header.HeaderWriterFilter.doFilterInternal(HeaderWriterFilter.java:75) ~[spring-security-web-5.7.11.jar:5.7.11]
	at org.springframework.web.filter.OncePerRequestFilter.doFilter(OncePerRequestFilter.java:117) ~[spring-web-5.3.31.jar:5.3.31]
	at org.springframework.security.web.FilterChainProxy$VirtualFilterChain.doFilter(FilterChainProxy.java:346) ~[spring-security-web-5.7.11.jar:5.7.11]
	at org.springframework.security.web.context.SecurityContextPersistenceFilter.doFilter(SecurityContextPersistenceFilter.java:112) ~[spring-security-web-5.7.11.jar:5.7.11]
	at org.springframework.security.web.context.SecurityContextPersistenceFilter.doFilter(SecurityContextPersistenceFilter.java:82) ~[spring-security-web-5.7.11.jar:5.7.11]
	at org.springframework.security.web.FilterChainProxy$VirtualFilterChain.doFilter(FilterChainProxy.java:346) ~[spring-security-web-5.7.11.jar:5.7.11]
	at org.springframework.security.web.context.request.async.WebAsyncManagerIntegrationFilter.doFilterInternal(WebAsyncManagerIntegrationFilter.java:55) ~[spring-security-web-5.7.11.jar:5.7.11]
	at org.springframework.web.filter.OncePerRequestFilter.doFilter(OncePerRequestFilter.java:117) ~[spring-web-5.3.31.jar:5.3.31]
	at org.springframework.security.web.FilterChainProxy$VirtualFilterChain.doFilter(FilterChainProxy.java:346) ~[spring-security-web-5.7.11.jar:5.7.11]
	at org.springframework.security.web.session.DisableEncodeUrlFilter.doFilterInternal(DisableEncodeUrlFilter.java:42) ~[spring-security-web-5.7.11.jar:5.7.11]
	at org.springframework.web.filter.OncePerRequestFilter.doFilter(OncePerRequestFilter.java:117) ~[spring-web-5.3.31.jar:5.3.31]
	at org.springframework.security.web.FilterChainProxy$VirtualFilterChain.doFilter(FilterChainProxy.java:346) ~[spring-security-web-5.7.11.jar:5.7.11]
	at org.springframework.security.web.FilterChainProxy.doFilterInternal(FilterChainProxy.java:221) ~[spring-security-web-5.7.11.jar:5.7.11]
	at org.springframework.security.web.FilterChainProxy.doFilter(FilterChainProxy.java:186) ~[spring-security-web-5.7.11.jar:5.7.11]
	at org.springframework.web.filter.DelegatingFilterProxy.invokeDelegate(DelegatingFilterProxy.java:354) ~[spring-web-5.3.31.jar:5.3.31]
	at org.springframework.web.filter.DelegatingFilterProxy.doFilter(DelegatingFilterProxy.java:267) ~[spring-web-5.3.31.jar:5.3.31]
	at org.apache.catalina.core.ApplicationFilterChain.internalDoFilter(ApplicationFilterChain.java:178) ~[tomcat-embed-core-9.0.83.jar:9.0.83]
	at org.apache.catalina.core.ApplicationFilterChain.doFilter(ApplicationFilterChain.java:153) ~[tomcat-embed-core-9.0.83.jar:9.0.83]
	at org.springframework.web.filter.RequestContextFilter.doFilterInternal(RequestContextFilter.java:100) ~[spring-web-5.3.31.jar:5.3.31]
	at org.springframework.web.filter.OncePerRequestFilter.doFilter(OncePerRequestFilter.java:117) ~[spring-web-5.3.31.jar:5.3.31]
	at org.apache.catalina.core.ApplicationFilterChain.internalDoFilter(ApplicationFilterChain.java:178) ~[tomcat-embed-core-9.0.83.jar:9.0.83]
	at org.apache.catalina.core.ApplicationFilterChain.doFilter(ApplicationFilterChain.java:153) ~[tomcat-embed-core-9.0.83.jar:9.0.83]
	at org.springframework.web.filter.FormContentFilter.doFilterInternal(FormContentFilter.java:93) ~[spring-web-5.3.31.jar:5.3.31]
	at org.springframework.web.filter.OncePerRequestFilter.doFilter(OncePerRequestFilter.java:117) ~[spring-web-5.3.31.jar:5.3.31]
	at org.apache.catalina.core.ApplicationFilterChain.internalDoFilter(ApplicationFilterChain.java:178) ~[tomcat-embed-core-9.0.83.jar:9.0.83]
	at org.apache.catalina.core.ApplicationFilterChain.doFilter(ApplicationFilterChain.java:153) ~[tomcat-embed-core-9.0.83.jar:9.0.83]
	at org.springframework.web.filter.CharacterEncodingFilter.doFilterInternal(CharacterEncodingFilter.java:201) ~[spring-web-5.3.31.jar:5.3.31]
	at org.springframework.web.filter.OncePerRequestFilter.doFilter(OncePerRequestFilter.java:117) ~[spring-web-5.3.31.jar:5.3.31]
	at org.apache.catalina.core.ApplicationFilterChain.internalDoFilter(ApplicationFilterChain.java:178) ~[tomcat-embed-core-9.0.83.jar:9.0.83]
	at org.apache.catalina.core.ApplicationFilterChain.doFilter(ApplicationFilterChain.java:153) ~[tomcat-embed-core-9.0.83.jar:9.0.83]
	at org.apache.catalina.core.StandardWrapperValve.invoke(StandardWrapperValve.java:168) ~[tomcat-embed-core-9.0.83.jar:9.0.83]
	at org.apache.catalina.core.StandardContextValve.invoke(StandardContextValve.java:90) ~[tomcat-embed-core-9.0.83.jar:9.0.83]
	at org.apache.catalina.authenticator.AuthenticatorBase.invoke(AuthenticatorBase.java:481) ~[tomcat-embed-core-9.0.83.jar:9.0.83]
	at org.apache.catalina.core.StandardHostValve.invoke(StandardHostValve.java:130) ~[tomcat-embed-core-9.0.83.jar:9.0.83]
	at org.apache.catalina.valves.ErrorReportValve.invoke(ErrorReportValve.java:93) ~[tomcat-embed-core-9.0.83.jar:9.0.83]
	at org.apache.catalina.core.StandardEngineValve.invoke(StandardEngineValve.java:74) ~[tomcat-embed-core-9.0.83.jar:9.0.83]
	at org.apache.catalina.connector.CoyoteAdapter.service(CoyoteAdapter.java:342) ~[tomcat-embed-core-9.0.83.jar:9.0.83]
	at org.apache.coyote.http11.Http11Processor.service(Http11Processor.java:390) ~[tomcat-embed-core-9.0.83.jar:9.0.83]
	at org.apache.coyote.AbstractProcessorLight.process(AbstractProcessorLight.java:63) ~[tomcat-embed-core-9.0.83.jar:9.0.83]
	at org.apache.coyote.AbstractProtocol$ConnectionHandler.process(AbstractProtocol.java:928) ~[tomcat-embed-core-9.0.83.jar:9.0.83]
	at org.apache.tomcat.util.net.NioEndpoint$SocketProcessor.doRun(NioEndpoint.java:1794) ~[tomcat-embed-core-9.0.83.jar:9.0.83]
	at org.apache.tomcat.util.net.SocketProcessorBase.run(SocketProcessorBase.java:52) ~[tomcat-embed-core-9.0.83.jar:9.0.83]
	at org.apache.tomcat.util.threads.ThreadPoolExecutor.runWorker(ThreadPoolExecutor.java:1191) ~[tomcat-embed-core-9.0.83.jar:9.0.83]
	at org.apache.tomcat.util.threads.ThreadPoolExecutor$Worker.run(ThreadPoolExecutor.java:659) ~[tomcat-embed-core-9.0.83.jar:9.0.83]
	at org.apache.tomcat.util.threads.TaskThread$WrappingRunnable.run(TaskThread.java:61) ~[tomcat-embed-core-9.0.83.jar:9.0.83]
	at java.lang.Thread.run(Thread.java:1570) ~[?:?]
Caused by: com.mysql.cj.exceptions.CJCommunicationsException: Communications link failure

The last packet sent successfully to the server was 0 milliseconds ago. The driver has not received any packets from the server.
	at jdk.internal.reflect.DirectConstructorHandleAccessor.newInstance(DirectConstructorHandleAccessor.java:62) ~[?:?]
	at java.lang.reflect.Constructor.newInstanceWithCaller(Constructor.java:502) ~[?:?]
	at java.lang.reflect.Constructor.newInstance(Constructor.java:486) ~[?:?]
	at com.mysql.cj.exceptions.ExceptionFactory.createException(ExceptionFactory.java:62) ~[mysql-connector-j-8.0.33.jar:8.0.33]
	at com.mysql.cj.exceptions.ExceptionFactory.createException(ExceptionFactory.java:105) ~[mysql-connector-j-8.0.33.jar:8.0.33]
	at com.mysql.cj.exceptions.ExceptionFactory.createException(ExceptionFactory.java:150) ~[mysql-connector-j-8.0.33.jar:8.0.33]
	at com.mysql.cj.exceptions.ExceptionFactory.createCommunicationsException(ExceptionFactory.java:166) ~[mysql-connector-j-8.0.33.jar:8.0.33]
	at com.mysql.cj.protocol.a.NativeSocketConnection.connect(NativeSocketConnection.java:89) ~[mysql-connector-j-8.0.33.jar:8.0.33]
	at com.mysql.cj.NativeSession.connect(NativeSession.java:121) ~[mysql-connector-j-8.0.33.jar:8.0.33]
	at com.mysql.cj.jdbc.ConnectionImpl.connectOneTryOnly(ConnectionImpl.java:945) ~[mysql-connector-j-8.0.33.jar:8.0.33]
	at com.mysql.cj.jdbc.ConnectionImpl.createNewIO(ConnectionImpl.java:815) ~[mysql-connector-j-8.0.33.jar:8.0.33]
	... 129 more
Caused by: java.net.ConnectException: Connection refused: getsockopt
	at sun.nio.ch.Net.pollConnect(Native Method) ~[?:?]
	at sun.nio.ch.Net.pollConnectNow(Net.java:682) ~[?:?]
	at sun.nio.ch.NioSocketImpl.timedFinishConnect(NioSocketImpl.java:542) ~[?:?]
	at sun.nio.ch.NioSocketImpl.connect(NioSocketImpl.java:592) ~[?:?]
	at java.net.SocksSocketImpl.connect(SocksSocketImpl.java:327) ~[?:?]
	at java.net.Socket.connect(Socket.java:752) ~[?:?]
	at com.mysql.cj.protocol.StandardSocketFactory.connect(StandardSocketFactory.java:153) ~[mysql-connector-j-8.0.33.jar:8.0.33]
	at com.mysql.cj.protocol.a.NativeSocketConnection.connect(NativeSocketConnection.java:63) ~[mysql-connector-j-8.0.33.jar:8.0.33]
	at com.mysql.cj.NativeSession.connect(NativeSession.java:121) ~[mysql-connector-j-8.0.33.jar:8.0.33]
	at com.mysql.cj.jdbc.ConnectionImpl.connectOneTryOnly(ConnectionImpl.java:945) ~[mysql-connector-j-8.0.33.jar:8.0.33]
	at com.mysql.cj.jdbc.ConnectionImpl.createNewIO(ConnectionImpl.java:815) ~[mysql-connector-j-8.0.33.jar:8.0.33]
	... 129 more
2026-08-13 15:21:54.278 [INFO ] [http-nio-8080-exec-6] [traceId=8657bb02-ca8d-4008-bfbe-57035d35933f] com.zaxxer.hikari.HikariDataSource - HikariPool-1 - Starting...
2026-08-13 15:21:54.279 [WARN ] [http-nio-8080-exec-2] [traceId=1ee68c5d-304f-415d-b70c-2d6170e6b8d2] org.springframework.web.servlet.mvc.method.annotation.ExceptionHandlerExceptionResolver - Resolved [org.springframework.transaction.CannotCreateTransactionException: Could not open JDBC Connection for transaction; nested exception is com.mysql.cj.jdbc.exceptions.CommunicationsException: Communications link failure<EOL><EOL>The last packet sent successfully to the server was 0 milliseconds ago. The driver has not received any packets from the server.]
2026-08-13 15:21:55.305 [ERROR] [http-nio-8080-exec-6] [traceId=8657bb02-ca8d-4008-bfbe-57035d35933f] com.zaxxer.hikari.pool.HikariPool - HikariPool-1 - Exception during pool initialization.
com.mysql.cj.jdbc.exceptions.CommunicationsException: Communications link failure

The last packet sent successfully to the server was 0 milliseconds ago. The driver has not received any packets from the server.
	at com.mysql.cj.jdbc.exceptions.SQLError.createCommunicationsException(SQLError.java:175) ~[mysql-connector-j-8.0.33.jar:8.0.33]
	at com.mysql.cj.jdbc.exceptions.SQLExceptionsMapping.translateException(SQLExceptionsMapping.java:64) ~[mysql-connector-j-8.0.33.jar:8.0.33]
	at com.mysql.cj.jdbc.ConnectionImpl.createNewIO(ConnectionImpl.java:825) ~[mysql-connector-j-8.0.33.jar:8.0.33]
	at com.mysql.cj.jdbc.ConnectionImpl.<init>(ConnectionImpl.java:446) ~[mysql-connector-j-8.0.33.jar:8.0.33]
	at com.mysql.cj.jdbc.ConnectionImpl.getInstance(ConnectionImpl.java:239) ~[mysql-connector-j-8.0.33.jar:8.0.33]
	at com.mysql.cj.jdbc.NonRegisteringDriver.connect(NonRegisteringDriver.java:188) ~[mysql-connector-j-8.0.33.jar:8.0.33]
	at com.zaxxer.hikari.util.DriverDataSource.getConnection(DriverDataSource.java:138) ~[HikariCP-4.0.3.jar:?]
	at com.zaxxer.hikari.pool.PoolBase.newConnection(PoolBase.java:364) ~[HikariCP-4.0.3.jar:?]
	at com.zaxxer.hikari.pool.PoolBase.newPoolEntry(PoolBase.java:206) ~[HikariCP-4.0.3.jar:?]
	at com.zaxxer.hikari.pool.HikariPool.createPoolEntry(HikariPool.java:476) ~[HikariCP-4.0.3.jar:?]
	at com.zaxxer.hikari.pool.HikariPool.checkFailFast(HikariPool.java:561) ~[HikariCP-4.0.3.jar:?]
	at com.zaxxer.hikari.pool.HikariPool.<init>(HikariPool.java:115) ~[HikariCP-4.0.3.jar:?]
	at com.zaxxer.hikari.HikariDataSource.getConnection(HikariDataSource.java:112) ~[HikariCP-4.0.3.jar:?]
	at org.springframework.jdbc.datasource.DataSourceTransactionManager.doBegin(DataSourceTransactionManager.java:269) ~[spring-jdbc-5.3.31.jar:5.3.31]
	at org.springframework.transaction.support.AbstractPlatformTransactionManager.startTransaction(AbstractPlatformTransactionManager.java:400) ~[spring-tx-5.3.31.jar:5.3.31]
	at org.springframework.transaction.support.AbstractPlatformTransactionManager.getTransaction(AbstractPlatformTransactionManager.java:373) ~[spring-tx-5.3.31.jar:5.3.31]
	at org.springframework.transaction.interceptor.TransactionAspectSupport.createTransactionIfNecessary(TransactionAspectSupport.java:595) ~[spring-tx-5.3.31.jar:5.3.31]
	at org.springframework.transaction.interceptor.TransactionAspectSupport.invokeWithinTransaction(TransactionAspectSupport.java:382) ~[spring-tx-5.3.31.jar:5.3.31]
	at org.springframework.transaction.interceptor.TransactionInterceptor.invoke(TransactionInterceptor.java:119) ~[spring-tx-5.3.31.jar:5.3.31]
	at org.springframework.aop.framework.ReflectiveMethodInvocation.proceed(ReflectiveMethodInvocation.java:186) ~[spring-aop-5.3.31.jar:5.3.31]
	at org.springframework.aop.framework.CglibAopProxy$CglibMethodInvocation.proceed(CglibAopProxy.java:762) ~[spring-aop-5.3.31.jar:5.3.31]
	at org.springframework.aop.interceptor.ExposeInvocationInterceptor.invoke(ExposeInvocationInterceptor.java:97) ~[spring-aop-5.3.31.jar:5.3.31]
	at org.springframework.aop.framework.ReflectiveMethodInvocation.proceed(ReflectiveMethodInvocation.java:186) ~[spring-aop-5.3.31.jar:5.3.31]
	at org.springframework.aop.framework.CglibAopProxy$CglibMethodInvocation.proceed(CglibAopProxy.java:762) ~[spring-aop-5.3.31.jar:5.3.31]
	at org.springframework.aop.framework.CglibAopProxy$DynamicAdvisedInterceptor.intercept(CglibAopProxy.java:707) ~[spring-aop-5.3.31.jar:5.3.31]
	at com.kama.notes.service.impl.NoteServiceImpl$$EnhancerBySpringCGLIB$$6b5f00ee.submitNoteRank(<generated>) ~[classes/:?]
	at com.kama.notes.controller.NoteController.submitNoteRank(NoteController.java:110) ~[classes/:?]
	at com.kama.notes.controller.NoteController$$FastClassBySpringCGLIB$$182558bc.invoke(<generated>) ~[classes/:?]
	at org.springframework.cglib.proxy.MethodProxy.invoke(MethodProxy.java:218) ~[spring-core-5.3.31.jar:5.3.31]
	at org.springframework.aop.framework.CglibAopProxy$CglibMethodInvocation.invokeJoinpoint(CglibAopProxy.java:792) ~[spring-aop-5.3.31.jar:5.3.31]
	at org.springframework.aop.framework.ReflectiveMethodInvocation.proceed(ReflectiveMethodInvocation.java:163) ~[spring-aop-5.3.31.jar:5.3.31]
	at org.springframework.aop.framework.CglibAopProxy$CglibMethodInvocation.proceed(CglibAopProxy.java:762) ~[spring-aop-5.3.31.jar:5.3.31]
	at org.springframework.aop.framework.adapter.MethodBeforeAdviceInterceptor.invoke(MethodBeforeAdviceInterceptor.java:58) ~[spring-aop-5.3.31.jar:5.3.31]
	at org.springframework.aop.framework.ReflectiveMethodInvocation.proceed(ReflectiveMethodInvocation.java:186) ~[spring-aop-5.3.31.jar:5.3.31]
	at org.springframework.aop.framework.CglibAopProxy$CglibMethodInvocation.proceed(CglibAopProxy.java:762) ~[spring-aop-5.3.31.jar:5.3.31]
	at org.springframework.aop.interceptor.ExposeInvocationInterceptor.invoke(ExposeInvocationInterceptor.java:97) ~[spring-aop-5.3.31.jar:5.3.31]
	at org.springframework.aop.framework.ReflectiveMethodInvocation.proceed(ReflectiveMethodInvocation.java:186) ~[spring-aop-5.3.31.jar:5.3.31]
	at org.springframework.aop.framework.CglibAopProxy$CglibMethodInvocation.proceed(CglibAopProxy.java:762) ~[spring-aop-5.3.31.jar:5.3.31]
	at org.springframework.aop.framework.CglibAopProxy$DynamicAdvisedInterceptor.intercept(CglibAopProxy.java:707) ~[spring-aop-5.3.31.jar:5.3.31]
	at com.kama.notes.controller.NoteController$$EnhancerBySpringCGLIB$$e2df33c3.submitNoteRank(<generated>) ~[classes/:?]
	at jdk.internal.reflect.DirectMethodHandleAccessor.invoke(DirectMethodHandleAccessor.java:103) ~[?:?]
	at java.lang.reflect.Method.invoke(Method.java:580) ~[?:?]
	at org.springframework.web.method.support.InvocableHandlerMethod.doInvoke(InvocableHandlerMethod.java:205) ~[spring-web-5.3.31.jar:5.3.31]
	at org.springframework.web.method.support.InvocableHandlerMethod.invokeForRequest(InvocableHandlerMethod.java:150) ~[spring-web-5.3.31.jar:5.3.31]
	at org.springframework.web.servlet.mvc.method.annotation.ServletInvocableHandlerMethod.invokeAndHandle(ServletInvocableHandlerMethod.java:117) ~[spring-webmvc-5.3.31.jar:5.3.31]
	at org.springframework.web.servlet.mvc.method.annotation.RequestMappingHandlerAdapter.invokeHandlerMethod(RequestMappingHandlerAdapter.java:895) ~[spring-webmvc-5.3.31.jar:5.3.31]
	at org.springframework.web.servlet.mvc.method.annotation.RequestMappingHandlerAdapter.handleInternal(RequestMappingHandlerAdapter.java:808) ~[spring-webmvc-5.3.31.jar:5.3.31]
	at org.springframework.web.servlet.mvc.method.AbstractHandlerMethodAdapter.handle(AbstractHandlerMethodAdapter.java:87) ~[spring-webmvc-5.3.31.jar:5.3.31]
	at org.springframework.web.servlet.DispatcherServlet.doDispatch(DispatcherServlet.java:1072) ~[spring-webmvc-5.3.31.jar:5.3.31]
	at org.springframework.web.servlet.DispatcherServlet.doService(DispatcherServlet.java:965) ~[spring-webmvc-5.3.31.jar:5.3.31]
	at org.springframework.web.servlet.FrameworkServlet.processRequest(FrameworkServlet.java:1006) ~[spring-webmvc-5.3.31.jar:5.3.31]
	at org.springframework.web.servlet.FrameworkServlet.doGet(FrameworkServlet.java:898) ~[spring-webmvc-5.3.31.jar:5.3.31]
	at javax.servlet.http.HttpServlet.service(HttpServlet.java:529) ~[tomcat-embed-core-9.0.83.jar:4.0.FR]
	at org.springframework.web.servlet.FrameworkServlet.service(FrameworkServlet.java:883) ~[spring-webmvc-5.3.31.jar:5.3.31]
	at javax.servlet.http.HttpServlet.service(HttpServlet.java:623) ~[tomcat-embed-core-9.0.83.jar:4.0.FR]
	at org.apache.catalina.core.ApplicationFilterChain.internalDoFilter(ApplicationFilterChain.java:209) ~[tomcat-embed-core-9.0.83.jar:9.0.83]
	at org.apache.catalina.core.ApplicationFilterChain.doFilter(ApplicationFilterChain.java:153) ~[tomcat-embed-core-9.0.83.jar:9.0.83]
	at org.apache.tomcat.websocket.server.WsFilter.doFilter(WsFilter.java:51) ~[tomcat-embed-websocket-9.0.83.jar:9.0.83]
	at org.apache.catalina.core.ApplicationFilterChain.internalDoFilter(ApplicationFilterChain.java:178) ~[tomcat-embed-core-9.0.83.jar:9.0.83]
	at org.apache.catalina.core.ApplicationFilterChain.doFilter(ApplicationFilterChain.java:153) ~[tomcat-embed-core-9.0.83.jar:9.0.83]
	at com.kama.notes.filter.TraceIdFilter.doFilter(TraceIdFilter.java:21) ~[classes/:?]
	at org.apache.catalina.core.ApplicationFilterChain.internalDoFilter(ApplicationFilterChain.java:178) ~[tomcat-embed-core-9.0.83.jar:9.0.83]
	at org.apache.catalina.core.ApplicationFilterChain.doFilter(ApplicationFilterChain.java:153) ~[tomcat-embed-core-9.0.83.jar:9.0.83]
	at org.springframework.security.web.FilterChainProxy$VirtualFilterChain.doFilter(FilterChainProxy.java:337) ~[spring-security-web-5.7.11.jar:5.7.11]
	at org.springframework.security.web.access.intercept.FilterSecurityInterceptor.invoke(FilterSecurityInterceptor.java:115) ~[spring-security-web-5.7.11.jar:5.7.11]
	at org.springframework.security.web.access.intercept.FilterSecurityInterceptor.doFilter(FilterSecurityInterceptor.java:81) ~[spring-security-web-5.7.11.jar:5.7.11]
	at org.springframework.security.web.FilterChainProxy$VirtualFilterChain.doFilter(FilterChainProxy.java:346) ~[spring-security-web-5.7.11.jar:5.7.11]
	at org.springframework.security.web.access.ExceptionTranslationFilter.doFilter(ExceptionTranslationFilter.java:122) ~[spring-security-web-5.7.11.jar:5.7.11]
	at org.springframework.security.web.access.ExceptionTranslationFilter.doFilter(ExceptionTranslationFilter.java:116) ~[spring-security-web-5.7.11.jar:5.7.11]
	at org.springframework.security.web.FilterChainProxy$VirtualFilterChain.doFilter(FilterChainProxy.java:346) ~[spring-security-web-5.7.11.jar:5.7.11]
	at org.springframework.security.web.session.SessionManagementFilter.doFilter(SessionManagementFilter.java:126) ~[spring-security-web-5.7.11.jar:5.7.11]
	at org.springframework.security.web.session.SessionManagementFilter.doFilter(SessionManagementFilter.java:81) ~[spring-security-web-5.7.11.jar:5.7.11]
	at org.springframework.security.web.FilterChainProxy$VirtualFilterChain.doFilter(FilterChainProxy.java:346) ~[spring-security-web-5.7.11.jar:5.7.11]
	at org.springframework.security.web.authentication.AnonymousAuthenticationFilter.doFilter(AnonymousAuthenticationFilter.java:109) ~[spring-security-web-5.7.11.jar:5.7.11]
	at org.springframework.security.web.FilterChainProxy$VirtualFilterChain.doFilter(FilterChainProxy.java:346) ~[spring-security-web-5.7.11.jar:5.7.11]
	at org.springframework.security.web.servletapi.SecurityContextHolderAwareRequestFilter.doFilter(SecurityContextHolderAwareRequestFilter.java:149) ~[spring-security-web-5.7.11.jar:5.7.11]
	at org.springframework.security.web.FilterChainProxy$VirtualFilterChain.doFilter(FilterChainProxy.java:346) ~[spring-security-web-5.7.11.jar:5.7.11]
	at org.springframework.security.web.savedrequest.RequestCacheAwareFilter.doFilter(RequestCacheAwareFilter.java:63) ~[spring-security-web-5.7.11.jar:5.7.11]
	at org.springframework.security.web.FilterChainProxy$VirtualFilterChain.doFilter(FilterChainProxy.java:346) ~[spring-security-web-5.7.11.jar:5.7.11]
	at org.springframework.security.web.authentication.logout.LogoutFilter.doFilter(LogoutFilter.java:103) ~[spring-security-web-5.7.11.jar:5.7.11]
	at org.springframework.security.web.authentication.logout.LogoutFilter.doFilter(LogoutFilter.java:89) ~[spring-security-web-5.7.11.jar:5.7.11]
	at org.springframework.security.web.FilterChainProxy$VirtualFilterChain.doFilter(FilterChainProxy.java:346) ~[spring-security-web-5.7.11.jar:5.7.11]
	at org.springframework.web.filter.CorsFilter.doFilterInternal(CorsFilter.java:91) ~[spring-web-5.3.31.jar:5.3.31]
	at org.springframework.web.filter.OncePerRequestFilter.doFilter(OncePerRequestFilter.java:117) ~[spring-web-5.3.31.jar:5.3.31]
	at org.springframework.security.web.FilterChainProxy$VirtualFilterChain.doFilter(FilterChainProxy.java:346) ~[spring-security-web-5.7.11.jar:5.7.11]
	at org.springframework.security.web.header.HeaderWriterFilter.doHeadersAfter(HeaderWriterFilter.java:90) ~[spring-security-web-5.7.11.jar:5.7.11]
	at org.springframework.security.web.header.HeaderWriterFilter.doFilterInternal(HeaderWriterFilter.java:75) ~[spring-security-web-5.7.11.jar:5.7.11]
	at org.springframework.web.filter.OncePerRequestFilter.doFilter(OncePerRequestFilter.java:117) ~[spring-web-5.3.31.jar:5.3.31]
	at org.springframework.security.web.FilterChainProxy$VirtualFilterChain.doFilter(FilterChainProxy.java:346) ~[spring-security-web-5.7.11.jar:5.7.11]
	at org.springframework.security.web.context.SecurityContextPersistenceFilter.doFilter(SecurityContextPersistenceFilter.java:112) ~[spring-security-web-5.7.11.jar:5.7.11]
	at org.springframework.security.web.context.SecurityContextPersistenceFilter.doFilter(SecurityContextPersistenceFilter.java:82) ~[spring-security-web-5.7.11.jar:5.7.11]
	at org.springframework.security.web.FilterChainProxy$VirtualFilterChain.doFilter(FilterChainProxy.java:346) ~[spring-security-web-5.7.11.jar:5.7.11]
	at org.springframework.security.web.context.request.async.WebAsyncManagerIntegrationFilter.doFilterInternal(WebAsyncManagerIntegrationFilter.java:55) ~[spring-security-web-5.7.11.jar:5.7.11]
	at org.springframework.web.filter.OncePerRequestFilter.doFilter(OncePerRequestFilter.java:117) ~[spring-web-5.3.31.jar:5.3.31]
	at org.springframework.security.web.FilterChainProxy$VirtualFilterChain.doFilter(FilterChainProxy.java:346) ~[spring-security-web-5.7.11.jar:5.7.11]
	at org.springframework.security.web.session.DisableEncodeUrlFilter.doFilterInternal(DisableEncodeUrlFilter.java:42) ~[spring-security-web-5.7.11.jar:5.7.11]
	at org.springframework.web.filter.OncePerRequestFilter.doFilter(OncePerRequestFilter.java:117) ~[spring-web-5.3.31.jar:5.3.31]
	at org.springframework.security.web.FilterChainProxy$VirtualFilterChain.doFilter(FilterChainProxy.java:346) ~[spring-security-web-5.7.11.jar:5.7.11]
	at org.springframework.security.web.FilterChainProxy.doFilterInternal(FilterChainProxy.java:221) ~[spring-security-web-5.7.11.jar:5.7.11]
	at org.springframework.security.web.FilterChainProxy.doFilter(FilterChainProxy.java:186) ~[spring-security-web-5.7.11.jar:5.7.11]
	at org.springframework.web.filter.DelegatingFilterProxy.invokeDelegate(DelegatingFilterProxy.java:354) ~[spring-web-5.3.31.jar:5.3.31]
	at org.springframework.web.filter.DelegatingFilterProxy.doFilter(DelegatingFilterProxy.java:267) ~[spring-web-5.3.31.jar:5.3.31]
	at org.apache.catalina.core.ApplicationFilterChain.internalDoFilter(ApplicationFilterChain.java:178) ~[tomcat-embed-core-9.0.83.jar:9.0.83]
	at org.apache.catalina.core.ApplicationFilterChain.doFilter(ApplicationFilterChain.java:153) ~[tomcat-embed-core-9.0.83.jar:9.0.83]
	at org.springframework.web.filter.RequestContextFilter.doFilterInternal(RequestContextFilter.java:100) ~[spring-web-5.3.31.jar:5.3.31]
	at org.springframework.web.filter.OncePerRequestFilter.doFilter(OncePerRequestFilter.java:117) ~[spring-web-5.3.31.jar:5.3.31]
	at org.apache.catalina.core.ApplicationFilterChain.internalDoFilter(ApplicationFilterChain.java:178) ~[tomcat-embed-core-9.0.83.jar:9.0.83]
	at org.apache.catalina.core.ApplicationFilterChain.doFilter(ApplicationFilterChain.java:153) ~[tomcat-embed-core-9.0.83.jar:9.0.83]
	at org.springframework.web.filter.FormContentFilter.doFilterInternal(FormContentFilter.java:93) ~[spring-web-5.3.31.jar:5.3.31]
	at org.springframework.web.filter.OncePerRequestFilter.doFilter(OncePerRequestFilter.java:117) ~[spring-web-5.3.31.jar:5.3.31]
	at org.apache.catalina.core.ApplicationFilterChain.internalDoFilter(ApplicationFilterChain.java:178) ~[tomcat-embed-core-9.0.83.jar:9.0.83]
	at org.apache.catalina.core.ApplicationFilterChain.doFilter(ApplicationFilterChain.java:153) ~[tomcat-embed-core-9.0.83.jar:9.0.83]
	at org.springframework.web.filter.CharacterEncodingFilter.doFilterInternal(CharacterEncodingFilter.java:201) ~[spring-web-5.3.31.jar:5.3.31]
	at org.springframework.web.filter.OncePerRequestFilter.doFilter(OncePerRequestFilter.java:117) ~[spring-web-5.3.31.jar:5.3.31]
	at org.apache.catalina.core.ApplicationFilterChain.internalDoFilter(ApplicationFilterChain.java:178) ~[tomcat-embed-core-9.0.83.jar:9.0.83]
	at org.apache.catalina.core.ApplicationFilterChain.doFilter(ApplicationFilterChain.java:153) ~[tomcat-embed-core-9.0.83.jar:9.0.83]
	at org.apache.catalina.core.StandardWrapperValve.invoke(StandardWrapperValve.java:168) ~[tomcat-embed-core-9.0.83.jar:9.0.83]
	at org.apache.catalina.core.StandardContextValve.invoke(StandardContextValve.java:90) ~[tomcat-embed-core-9.0.83.jar:9.0.83]
	at org.apache.catalina.authenticator.AuthenticatorBase.invoke(AuthenticatorBase.java:481) ~[tomcat-embed-core-9.0.83.jar:9.0.83]
	at org.apache.catalina.core.StandardHostValve.invoke(StandardHostValve.java:130) ~[tomcat-embed-core-9.0.83.jar:9.0.83]
	at org.apache.catalina.valves.ErrorReportValve.invoke(ErrorReportValve.java:93) ~[tomcat-embed-core-9.0.83.jar:9.0.83]
	at org.apache.catalina.core.StandardEngineValve.invoke(StandardEngineValve.java:74) ~[tomcat-embed-core-9.0.83.jar:9.0.83]
	at org.apache.catalina.connector.CoyoteAdapter.service(CoyoteAdapter.java:342) ~[tomcat-embed-core-9.0.83.jar:9.0.83]
	at org.apache.coyote.http11.Http11Processor.service(Http11Processor.java:390) ~[tomcat-embed-core-9.0.83.jar:9.0.83]
	at org.apache.coyote.AbstractProcessorLight.process(AbstractProcessorLight.java:63) ~[tomcat-embed-core-9.0.83.jar:9.0.83]
	at org.apache.coyote.AbstractProtocol$ConnectionHandler.process(AbstractProtocol.java:928) ~[tomcat-embed-core-9.0.83.jar:9.0.83]
	at org.apache.tomcat.util.net.NioEndpoint$SocketProcessor.doRun(NioEndpoint.java:1794) ~[tomcat-embed-core-9.0.83.jar:9.0.83]
	at org.apache.tomcat.util.net.SocketProcessorBase.run(SocketProcessorBase.java:52) ~[tomcat-embed-core-9.0.83.jar:9.0.83]
	at org.apache.tomcat.util.threads.ThreadPoolExecutor.runWorker(ThreadPoolExecutor.java:1191) ~[tomcat-embed-core-9.0.83.jar:9.0.83]
	at org.apache.tomcat.util.threads.ThreadPoolExecutor$Worker.run(ThreadPoolExecutor.java:659) ~[tomcat-embed-core-9.0.83.jar:9.0.83]
	at org.apache.tomcat.util.threads.TaskThread$WrappingRunnable.run(TaskThread.java:61) ~[tomcat-embed-core-9.0.83.jar:9.0.83]
	at java.lang.Thread.run(Thread.java:1570) ~[?:?]
Caused by: com.mysql.cj.exceptions.CJCommunicationsException: Communications link failure

The last packet sent successfully to the server was 0 milliseconds ago. The driver has not received any packets from the server.
	at jdk.internal.reflect.DirectConstructorHandleAccessor.newInstance(DirectConstructorHandleAccessor.java:62) ~[?:?]
	at java.lang.reflect.Constructor.newInstanceWithCaller(Constructor.java:502) ~[?:?]
	at java.lang.reflect.Constructor.newInstance(Constructor.java:486) ~[?:?]
	at com.mysql.cj.exceptions.ExceptionFactory.createException(ExceptionFactory.java:62) ~[mysql-connector-j-8.0.33.jar:8.0.33]
	at com.mysql.cj.exceptions.ExceptionFactory.createException(ExceptionFactory.java:105) ~[mysql-connector-j-8.0.33.jar:8.0.33]
	at com.mysql.cj.exceptions.ExceptionFactory.createException(ExceptionFactory.java:150) ~[mysql-connector-j-8.0.33.jar:8.0.33]
	at com.mysql.cj.exceptions.ExceptionFactory.createCommunicationsException(ExceptionFactory.java:166) ~[mysql-connector-j-8.0.33.jar:8.0.33]
	at com.mysql.cj.protocol.a.NativeSocketConnection.connect(NativeSocketConnection.java:89) ~[mysql-connector-j-8.0.33.jar:8.0.33]
	at com.mysql.cj.NativeSession.connect(NativeSession.java:121) ~[mysql-connector-j-8.0.33.jar:8.0.33]
	at com.mysql.cj.jdbc.ConnectionImpl.connectOneTryOnly(ConnectionImpl.java:945) ~[mysql-connector-j-8.0.33.jar:8.0.33]
	at com.mysql.cj.jdbc.ConnectionImpl.createNewIO(ConnectionImpl.java:815) ~[mysql-connector-j-8.0.33.jar:8.0.33]
	... 129 more
Caused by: java.net.ConnectException: Connection refused: getsockopt
	at sun.nio.ch.Net.pollConnect(Native Method) ~[?:?]
	at sun.nio.ch.Net.pollConnectNow(Net.java:682) ~[?:?]
	at sun.nio.ch.NioSocketImpl.timedFinishConnect(NioSocketImpl.java:542) ~[?:?]
	at sun.nio.ch.NioSocketImpl.connect(NioSocketImpl.java:592) ~[?:?]
	at java.net.SocksSocketImpl.connect(SocksSocketImpl.java:327) ~[?:?]
	at java.net.Socket.connect(Socket.java:752) ~[?:?]
	at com.mysql.cj.protocol.StandardSocketFactory.connect(StandardSocketFactory.java:153) ~[mysql-connector-j-8.0.33.jar:8.0.33]
	at com.mysql.cj.protocol.a.NativeSocketConnection.connect(NativeSocketConnection.java:63) ~[mysql-connector-j-8.0.33.jar:8.0.33]
	at com.mysql.cj.NativeSession.connect(NativeSession.java:121) ~[mysql-connector-j-8.0.33.jar:8.0.33]
	at com.mysql.cj.jdbc.ConnectionImpl.connectOneTryOnly(ConnectionImpl.java:945) ~[mysql-connector-j-8.0.33.jar:8.0.33]
	at com.mysql.cj.jdbc.ConnectionImpl.createNewIO(ConnectionImpl.java:815) ~[mysql-connector-j-8.0.33.jar:8.0.33]
	... 129 more
2026-08-13 15:21:55.309 [WARN ] [http-nio-8080-exec-6] [traceId=8657bb02-ca8d-4008-bfbe-57035d35933f] org.springframework.web.servlet.mvc.method.annotation.ExceptionHandlerExceptionResolver - Resolved [org.springframework.transaction.CannotCreateTransactionException: Could not open JDBC Connection for transaction; nested exception is com.mysql.cj.jdbc.exceptions.CommunicationsException: Communications link failure<EOL><EOL>The last packet sent successfully to the server was 0 milliseconds ago. The driver has not received any packets from the server.]
2026-08-13 15:22:23.664 [INFO ] [http-nio-8080-exec-10] [traceId=78141d18-a8a0-48fa-9630-b632ab498fa6] com.zaxxer.hikari.HikariDataSource - HikariPool-1 - Starting...
2026-08-13 15:22:24.676 [ERROR] [http-nio-8080-exec-10] [traceId=78141d18-a8a0-48fa-9630-b632ab498fa6] com.zaxxer.hikari.pool.HikariPool - HikariPool-1 - Exception during pool initialization.
com.mysql.cj.jdbc.exceptions.CommunicationsException: Communications link failure

The last packet sent successfully to the server was 0 milliseconds ago. The driver has not received any packets from the server.
	at com.mysql.cj.jdbc.exceptions.SQLError.createCommunicationsException(SQLError.java:175) ~[mysql-connector-j-8.0.33.jar:8.0.33]
	at com.mysql.cj.jdbc.exceptions.SQLExceptionsMapping.translateException(SQLExceptionsMapping.java:64) ~[mysql-connector-j-8.0.33.jar:8.0.33]
	at com.mysql.cj.jdbc.ConnectionImpl.createNewIO(ConnectionImpl.java:825) ~[mysql-connector-j-8.0.33.jar:8.0.33]
	at com.mysql.cj.jdbc.ConnectionImpl.<init>(ConnectionImpl.java:446) ~[mysql-connector-j-8.0.33.jar:8.0.33]
	at com.mysql.cj.jdbc.ConnectionImpl.getInstance(ConnectionImpl.java:239) ~[mysql-connector-j-8.0.33.jar:8.0.33]
	at com.mysql.cj.jdbc.NonRegisteringDriver.connect(NonRegisteringDriver.java:188) ~[mysql-connector-j-8.0.33.jar:8.0.33]
	at com.zaxxer.hikari.util.DriverDataSource.getConnection(DriverDataSource.java:138) ~[HikariCP-4.0.3.jar:?]
	at com.zaxxer.hikari.pool.PoolBase.newConnection(PoolBase.java:364) ~[HikariCP-4.0.3.jar:?]
	at com.zaxxer.hikari.pool.PoolBase.newPoolEntry(PoolBase.java:206) ~[HikariCP-4.0.3.jar:?]
	at com.zaxxer.hikari.pool.HikariPool.createPoolEntry(HikariPool.java:476) ~[HikariCP-4.0.3.jar:?]
	at com.zaxxer.hikari.pool.HikariPool.checkFailFast(HikariPool.java:561) ~[HikariCP-4.0.3.jar:?]
	at com.zaxxer.hikari.pool.HikariPool.<init>(HikariPool.java:115) ~[HikariCP-4.0.3.jar:?]
	at com.zaxxer.hikari.HikariDataSource.getConnection(HikariDataSource.java:112) ~[HikariCP-4.0.3.jar:?]
	at org.springframework.jdbc.datasource.DataSourceTransactionManager.doBegin(DataSourceTransactionManager.java:269) ~[spring-jdbc-5.3.31.jar:5.3.31]
	at org.springframework.transaction.support.AbstractPlatformTransactionManager.startTransaction(AbstractPlatformTransactionManager.java:400) ~[spring-tx-5.3.31.jar:5.3.31]
	at org.springframework.transaction.support.AbstractPlatformTransactionManager.getTransaction(AbstractPlatformTransactionManager.java:373) ~[spring-tx-5.3.31.jar:5.3.31]
	at org.springframework.transaction.interceptor.TransactionAspectSupport.createTransactionIfNecessary(TransactionAspectSupport.java:595) ~[spring-tx-5.3.31.jar:5.3.31]
	at org.springframework.transaction.interceptor.TransactionAspectSupport.invokeWithinTransaction(TransactionAspectSupport.java:382) ~[spring-tx-5.3.31.jar:5.3.31]
	at org.springframework.transaction.interceptor.TransactionInterceptor.invoke(TransactionInterceptor.java:119) ~[spring-tx-5.3.31.jar:5.3.31]
	at org.springframework.aop.framework.ReflectiveMethodInvocation.proceed(ReflectiveMethodInvocation.java:186) ~[spring-aop-5.3.31.jar:5.3.31]
	at org.springframework.aop.framework.CglibAopProxy$CglibMethodInvocation.proceed(CglibAopProxy.java:762) ~[spring-aop-5.3.31.jar:5.3.31]
	at org.springframework.aop.interceptor.ExposeInvocationInterceptor.invoke(ExposeInvocationInterceptor.java:97) ~[spring-aop-5.3.31.jar:5.3.31]
	at org.springframework.aop.framework.ReflectiveMethodInvocation.proceed(ReflectiveMethodInvocation.java:186) ~[spring-aop-5.3.31.jar:5.3.31]
	at org.springframework.aop.framework.CglibAopProxy$CglibMethodInvocation.proceed(CglibAopProxy.java:762) ~[spring-aop-5.3.31.jar:5.3.31]
	at org.springframework.aop.framework.CglibAopProxy$DynamicAdvisedInterceptor.intercept(CglibAopProxy.java:707) ~[spring-aop-5.3.31.jar:5.3.31]
	at com.kama.notes.service.impl.CategoryServiceImpl$$EnhancerBySpringCGLIB$$16651ef0.categoryList(<generated>) ~[classes/:?]
	at com.kama.notes.controller.CategoryController.categories(CategoryController.java:50) ~[classes/:?]
	at com.kama.notes.controller.CategoryController$$FastClassBySpringCGLIB$$2a20fc8.invoke(<generated>) ~[classes/:?]
	at org.springframework.cglib.proxy.MethodProxy.invoke(MethodProxy.java:218) ~[spring-core-5.3.31.jar:5.3.31]
	at org.springframework.aop.framework.CglibAopProxy$CglibMethodInvocation.invokeJoinpoint(CglibAopProxy.java:792) ~[spring-aop-5.3.31.jar:5.3.31]
	at org.springframework.aop.framework.ReflectiveMethodInvocation.proceed(ReflectiveMethodInvocation.java:163) ~[spring-aop-5.3.31.jar:5.3.31]
	at org.springframework.aop.framework.CglibAopProxy$CglibMethodInvocation.proceed(CglibAopProxy.java:762) ~[spring-aop-5.3.31.jar:5.3.31]
	at org.springframework.aop.framework.adapter.MethodBeforeAdviceInterceptor.invoke(MethodBeforeAdviceInterceptor.java:58) ~[spring-aop-5.3.31.jar:5.3.31]
	at org.springframework.aop.framework.ReflectiveMethodInvocation.proceed(ReflectiveMethodInvocation.java:186) ~[spring-aop-5.3.31.jar:5.3.31]
	at org.springframework.aop.framework.CglibAopProxy$CglibMethodInvocation.proceed(CglibAopProxy.java:762) ~[spring-aop-5.3.31.jar:5.3.31]
	at org.springframework.aop.interceptor.ExposeInvocationInterceptor.invoke(ExposeInvocationInterceptor.java:97) ~[spring-aop-5.3.31.jar:5.3.31]
	at org.springframework.aop.framework.ReflectiveMethodInvocation.proceed(ReflectiveMethodInvocation.java:186) ~[spring-aop-5.3.31.jar:5.3.31]
	at org.springframework.aop.framework.CglibAopProxy$CglibMethodInvocation.proceed(CglibAopProxy.java:762) ~[spring-aop-5.3.31.jar:5.3.31]
	at org.springframework.aop.framework.CglibAopProxy$DynamicAdvisedInterceptor.intercept(CglibAopProxy.java:707) ~[spring-aop-5.3.31.jar:5.3.31]
	at com.kama.notes.controller.CategoryController$$EnhancerBySpringCGLIB$$29ca2067.categories(<generated>) ~[classes/:?]
	at jdk.internal.reflect.DirectMethodHandleAccessor.invoke(DirectMethodHandleAccessor.java:103) ~[?:?]
	at java.lang.reflect.Method.invoke(Method.java:580) ~[?:?]
	at org.springframework.web.method.support.InvocableHandlerMethod.doInvoke(InvocableHandlerMethod.java:205) ~[spring-web-5.3.31.jar:5.3.31]
	at org.springframework.web.method.support.InvocableHandlerMethod.invokeForRequest(InvocableHandlerMethod.java:150) ~[spring-web-5.3.31.jar:5.3.31]
	at org.springframework.web.servlet.mvc.method.annotation.ServletInvocableHandlerMethod.invokeAndHandle(ServletInvocableHandlerMethod.java:117) ~[spring-webmvc-5.3.31.jar:5.3.31]
	at org.springframework.web.servlet.mvc.method.annotation.RequestMappingHandlerAdapter.invokeHandlerMethod(RequestMappingHandlerAdapter.java:895) ~[spring-webmvc-5.3.31.jar:5.3.31]
	at org.springframework.web.servlet.mvc.method.annotation.RequestMappingHandlerAdapter.handleInternal(RequestMappingHandlerAdapter.java:808) ~[spring-webmvc-5.3.31.jar:5.3.31]
	at org.springframework.web.servlet.mvc.method.AbstractHandlerMethodAdapter.handle(AbstractHandlerMethodAdapter.java:87) ~[spring-webmvc-5.3.31.jar:5.3.31]
	at org.springframework.web.servlet.DispatcherServlet.doDispatch(DispatcherServlet.java:1072) ~[spring-webmvc-5.3.31.jar:5.3.31]
	at org.springframework.web.servlet.DispatcherServlet.doService(DispatcherServlet.java:965) ~[spring-webmvc-5.3.31.jar:5.3.31]
	at org.springframework.web.servlet.FrameworkServlet.processRequest(FrameworkServlet.java:1006) ~[spring-webmvc-5.3.31.jar:5.3.31]
	at org.springframework.web.servlet.FrameworkServlet.doGet(FrameworkServlet.java:898) ~[spring-webmvc-5.3.31.jar:5.3.31]
	at javax.servlet.http.HttpServlet.service(HttpServlet.java:529) ~[tomcat-embed-core-9.0.83.jar:4.0.FR]
	at org.springframework.web.servlet.FrameworkServlet.service(FrameworkServlet.java:883) ~[spring-webmvc-5.3.31.jar:5.3.31]
	at javax.servlet.http.HttpServlet.service(HttpServlet.java:623) ~[tomcat-embed-core-9.0.83.jar:4.0.FR]
	at org.apache.catalina.core.ApplicationFilterChain.internalDoFilter(ApplicationFilterChain.java:209) ~[tomcat-embed-core-9.0.83.jar:9.0.83]
	at org.apache.catalina.core.ApplicationFilterChain.doFilter(ApplicationFilterChain.java:153) ~[tomcat-embed-core-9.0.83.jar:9.0.83]
	at org.apache.tomcat.websocket.server.WsFilter.doFilter(WsFilter.java:51) ~[tomcat-embed-websocket-9.0.83.jar:9.0.83]
	at org.apache.catalina.core.ApplicationFilterChain.internalDoFilter(ApplicationFilterChain.java:178) ~[tomcat-embed-core-9.0.83.jar:9.0.83]
	at org.apache.catalina.core.ApplicationFilterChain.doFilter(ApplicationFilterChain.java:153) ~[tomcat-embed-core-9.0.83.jar:9.0.83]
	at com.kama.notes.filter.TraceIdFilter.doFilter(TraceIdFilter.java:21) ~[classes/:?]
	at org.apache.catalina.core.ApplicationFilterChain.internalDoFilter(ApplicationFilterChain.java:178) ~[tomcat-embed-core-9.0.83.jar:9.0.83]
	at org.apache.catalina.core.ApplicationFilterChain.doFilter(ApplicationFilterChain.java:153) ~[tomcat-embed-core-9.0.83.jar:9.0.83]
	at org.springframework.security.web.FilterChainProxy$VirtualFilterChain.doFilter(FilterChainProxy.java:337) ~[spring-security-web-5.7.11.jar:5.7.11]
	at org.springframework.security.web.access.intercept.FilterSecurityInterceptor.invoke(FilterSecurityInterceptor.java:115) ~[spring-security-web-5.7.11.jar:5.7.11]
	at org.springframework.security.web.access.intercept.FilterSecurityInterceptor.doFilter(FilterSecurityInterceptor.java:81) ~[spring-security-web-5.7.11.jar:5.7.11]
	at org.springframework.security.web.FilterChainProxy$VirtualFilterChain.doFilter(FilterChainProxy.java:346) ~[spring-security-web-5.7.11.jar:5.7.11]
	at org.springframework.security.web.access.ExceptionTranslationFilter.doFilter(ExceptionTranslationFilter.java:122) ~[spring-security-web-5.7.11.jar:5.7.11]
	at org.springframework.security.web.access.ExceptionTranslationFilter.doFilter(ExceptionTranslationFilter.java:116) ~[spring-security-web-5.7.11.jar:5.7.11]
	at org.springframework.security.web.FilterChainProxy$VirtualFilterChain.doFilter(FilterChainProxy.java:346) ~[spring-security-web-5.7.11.jar:5.7.11]
	at org.springframework.security.web.session.SessionManagementFilter.doFilter(SessionManagementFilter.java:126) ~[spring-security-web-5.7.11.jar:5.7.11]
	at org.springframework.security.web.session.SessionManagementFilter.doFilter(SessionManagementFilter.java:81) ~[spring-security-web-5.7.11.jar:5.7.11]
	at org.springframework.security.web.FilterChainProxy$VirtualFilterChain.doFilter(FilterChainProxy.java:346) ~[spring-security-web-5.7.11.jar:5.7.11]
	at org.springframework.security.web.authentication.AnonymousAuthenticationFilter.doFilter(AnonymousAuthenticationFilter.java:109) ~[spring-security-web-5.7.11.jar:5.7.11]
	at org.springframework.security.web.FilterChainProxy$VirtualFilterChain.doFilter(FilterChainProxy.java:346) ~[spring-security-web-5.7.11.jar:5.7.11]
	at org.springframework.security.web.servletapi.SecurityContextHolderAwareRequestFilter.doFilter(SecurityContextHolderAwareRequestFilter.java:149) ~[spring-security-web-5.7.11.jar:5.7.11]
	at org.springframework.security.web.FilterChainProxy$VirtualFilterChain.doFilter(FilterChainProxy.java:346) ~[spring-security-web-5.7.11.jar:5.7.11]
	at org.springframework.security.web.savedrequest.RequestCacheAwareFilter.doFilter(RequestCacheAwareFilter.java:63) ~[spring-security-web-5.7.11.jar:5.7.11]
	at org.springframework.security.web.FilterChainProxy$VirtualFilterChain.doFilter(FilterChainProxy.java:346) ~[spring-security-web-5.7.11.jar:5.7.11]
	at org.springframework.security.web.authentication.logout.LogoutFilter.doFilter(LogoutFilter.java:103) ~[spring-security-web-5.7.11.jar:5.7.11]
	at org.springframework.security.web.authentication.logout.LogoutFilter.doFilter(LogoutFilter.java:89) ~[spring-security-web-5.7.11.jar:5.7.11]
	at org.springframework.security.web.FilterChainProxy$VirtualFilterChain.doFilter(FilterChainProxy.java:346) ~[spring-security-web-5.7.11.jar:5.7.11]
	at org.springframework.web.filter.CorsFilter.doFilterInternal(CorsFilter.java:91) ~[spring-web-5.3.31.jar:5.3.31]
	at org.springframework.web.filter.OncePerRequestFilter.doFilter(OncePerRequestFilter.java:117) ~[spring-web-5.3.31.jar:5.3.31]
	at org.springframework.security.web.FilterChainProxy$VirtualFilterChain.doFilter(FilterChainProxy.java:346) ~[spring-security-web-5.7.11.jar:5.7.11]
	at org.springframework.security.web.header.HeaderWriterFilter.doHeadersAfter(HeaderWriterFilter.java:90) ~[spring-security-web-5.7.11.jar:5.7.11]
	at org.springframework.security.web.header.HeaderWriterFilter.doFilterInternal(HeaderWriterFilter.java:75) ~[spring-security-web-5.7.11.jar:5.7.11]
	at org.springframework.web.filter.OncePerRequestFilter.doFilter(OncePerRequestFilter.java:117) ~[spring-web-5.3.31.jar:5.3.31]
	at org.springframework.security.web.FilterChainProxy$VirtualFilterChain.doFilter(FilterChainProxy.java:346) ~[spring-security-web-5.7.11.jar:5.7.11]
	at org.springframework.security.web.context.SecurityContextPersistenceFilter.doFilter(SecurityContextPersistenceFilter.java:112) ~[spring-security-web-5.7.11.jar:5.7.11]
	at org.springframework.security.web.context.SecurityContextPersistenceFilter.doFilter(SecurityContextPersistenceFilter.java:82) ~[spring-security-web-5.7.11.jar:5.7.11]
	at org.springframework.security.web.FilterChainProxy$VirtualFilterChain.doFilter(FilterChainProxy.java:346) ~[spring-security-web-5.7.11.jar:5.7.11]
	at org.springframework.security.web.context.request.async.WebAsyncManagerIntegrationFilter.doFilterInternal(WebAsyncManagerIntegrationFilter.java:55) ~[spring-security-web-5.7.11.jar:5.7.11]
	at org.springframework.web.filter.OncePerRequestFilter.doFilter(OncePerRequestFilter.java:117) ~[spring-web-5.3.31.jar:5.3.31]
	at org.springframework.security.web.FilterChainProxy$VirtualFilterChain.doFilter(FilterChainProxy.java:346) ~[spring-security-web-5.7.11.jar:5.7.11]
	at org.springframework.security.web.session.DisableEncodeUrlFilter.doFilterInternal(DisableEncodeUrlFilter.java:42) ~[spring-security-web-5.7.11.jar:5.7.11]
	at org.springframework.web.filter.OncePerRequestFilter.doFilter(OncePerRequestFilter.java:117) ~[spring-web-5.3.31.jar:5.3.31]
	at org.springframework.security.web.FilterChainProxy$VirtualFilterChain.doFilter(FilterChainProxy.java:346) ~[spring-security-web-5.7.11.jar:5.7.11]
	at org.springframework.security.web.FilterChainProxy.doFilterInternal(FilterChainProxy.java:221) ~[spring-security-web-5.7.11.jar:5.7.11]
	at org.springframework.security.web.FilterChainProxy.doFilter(FilterChainProxy.java:186) ~[spring-security-web-5.7.11.jar:5.7.11]
	at org.springframework.web.filter.DelegatingFilterProxy.invokeDelegate(DelegatingFilterProxy.java:354) ~[spring-web-5.3.31.jar:5.3.31]
	at org.springframework.web.filter.DelegatingFilterProxy.doFilter(DelegatingFilterProxy.java:267) ~[spring-web-5.3.31.jar:5.3.31]
	at org.apache.catalina.core.ApplicationFilterChain.internalDoFilter(ApplicationFilterChain.java:178) ~[tomcat-embed-core-9.0.83.jar:9.0.83]
	at org.apache.catalina.core.ApplicationFilterChain.doFilter(ApplicationFilterChain.java:153) ~[tomcat-embed-core-9.0.83.jar:9.0.83]
	at org.springframework.web.filter.RequestContextFilter.doFilterInternal(RequestContextFilter.java:100) ~[spring-web-5.3.31.jar:5.3.31]
	at org.springframework.web.filter.OncePerRequestFilter.doFilter(OncePerRequestFilter.java:117) ~[spring-web-5.3.31.jar:5.3.31]
	at org.apache.catalina.core.ApplicationFilterChain.internalDoFilter(ApplicationFilterChain.java:178) ~[tomcat-embed-core-9.0.83.jar:9.0.83]
	at org.apache.catalina.core.ApplicationFilterChain.doFilter(ApplicationFilterChain.java:153) ~[tomcat-embed-core-9.0.83.jar:9.0.83]
	at org.springframework.web.filter.FormContentFilter.doFilterInternal(FormContentFilter.java:93) ~[spring-web-5.3.31.jar:5.3.31]
	at org.springframework.web.filter.OncePerRequestFilter.doFilter(OncePerRequestFilter.java:117) ~[spring-web-5.3.31.jar:5.3.31]
	at org.apache.catalina.core.ApplicationFilterChain.internalDoFilter(ApplicationFilterChain.java:178) ~[tomcat-embed-core-9.0.83.jar:9.0.83]
	at org.apache.catalina.core.ApplicationFilterChain.doFilter(ApplicationFilterChain.java:153) ~[tomcat-embed-core-9.0.83.jar:9.0.83]
	at org.springframework.web.filter.CharacterEncodingFilter.doFilterInternal(CharacterEncodingFilter.java:201) ~[spring-web-5.3.31.jar:5.3.31]
	at org.springframework.web.filter.OncePerRequestFilter.doFilter(OncePerRequestFilter.java:117) ~[spring-web-5.3.31.jar:5.3.31]
	at org.apache.catalina.core.ApplicationFilterChain.internalDoFilter(ApplicationFilterChain.java:178) ~[tomcat-embed-core-9.0.83.jar:9.0.83]
	at org.apache.catalina.core.ApplicationFilterChain.doFilter(ApplicationFilterChain.java:153) ~[tomcat-embed-core-9.0.83.jar:9.0.83]
	at org.apache.catalina.core.StandardWrapperValve.invoke(StandardWrapperValve.java:168) ~[tomcat-embed-core-9.0.83.jar:9.0.83]
	at org.apache.catalina.core.StandardContextValve.invoke(StandardContextValve.java:90) ~[tomcat-embed-core-9.0.83.jar:9.0.83]
	at org.apache.catalina.authenticator.AuthenticatorBase.invoke(AuthenticatorBase.java:481) ~[tomcat-embed-core-9.0.83.jar:9.0.83]
	at org.apache.catalina.core.StandardHostValve.invoke(StandardHostValve.java:130) ~[tomcat-embed-core-9.0.83.jar:9.0.83]
	at org.apache.catalina.valves.ErrorReportValve.invoke(ErrorReportValve.java:93) ~[tomcat-embed-core-9.0.83.jar:9.0.83]
	at org.apache.catalina.core.StandardEngineValve.invoke(StandardEngineValve.java:74) ~[tomcat-embed-core-9.0.83.jar:9.0.83]
	at org.apache.catalina.connector.CoyoteAdapter.service(CoyoteAdapter.java:342) ~[tomcat-embed-core-9.0.83.jar:9.0.83]
	at org.apache.coyote.http11.Http11Processor.service(Http11Processor.java:390) ~[tomcat-embed-core-9.0.83.jar:9.0.83]
	at org.apache.coyote.AbstractProcessorLight.process(AbstractProcessorLight.java:63) ~[tomcat-embed-core-9.0.83.jar:9.0.83]
	at org.apache.coyote.AbstractProtocol$ConnectionHandler.process(AbstractProtocol.java:928) ~[tomcat-embed-core-9.0.83.jar:9.0.83]
	at org.apache.tomcat.util.net.NioEndpoint$SocketProcessor.doRun(NioEndpoint.java:1794) ~[tomcat-embed-core-9.0.83.jar:9.0.83]
	at org.apache.tomcat.util.net.SocketProcessorBase.run(SocketProcessorBase.java:52) ~[tomcat-embed-core-9.0.83.jar:9.0.83]
	at org.apache.tomcat.util.threads.ThreadPoolExecutor.runWorker(ThreadPoolExecutor.java:1191) ~[tomcat-embed-core-9.0.83.jar:9.0.83]
	at org.apache.tomcat.util.threads.ThreadPoolExecutor$Worker.run(ThreadPoolExecutor.java:659) ~[tomcat-embed-core-9.0.83.jar:9.0.83]
	at org.apache.tomcat.util.threads.TaskThread$WrappingRunnable.run(TaskThread.java:61) ~[tomcat-embed-core-9.0.83.jar:9.0.83]
	at java.lang.Thread.run(Thread.java:1570) ~[?:?]
Caused by: com.mysql.cj.exceptions.CJCommunicationsException: Communications link failure

The last packet sent successfully to the server was 0 milliseconds ago. The driver has not received any packets from the server.
	at jdk.internal.reflect.DirectConstructorHandleAccessor.newInstance(DirectConstructorHandleAccessor.java:62) ~[?:?]
	at java.lang.reflect.Constructor.newInstanceWithCaller(Constructor.java:502) ~[?:?]
	at java.lang.reflect.Constructor.newInstance(Constructor.java:486) ~[?:?]
	at com.mysql.cj.exceptions.ExceptionFactory.createException(ExceptionFactory.java:62) ~[mysql-connector-j-8.0.33.jar:8.0.33]
	at com.mysql.cj.exceptions.ExceptionFactory.createException(ExceptionFactory.java:105) ~[mysql-connector-j-8.0.33.jar:8.0.33]
	at com.mysql.cj.exceptions.ExceptionFactory.createException(ExceptionFactory.java:150) ~[mysql-connector-j-8.0.33.jar:8.0.33]
	at com.mysql.cj.exceptions.ExceptionFactory.createCommunicationsException(ExceptionFactory.java:166) ~[mysql-connector-j-8.0.33.jar:8.0.33]
	at com.mysql.cj.protocol.a.NativeSocketConnection.connect(NativeSocketConnection.java:89) ~[mysql-connector-j-8.0.33.jar:8.0.33]
	at com.mysql.cj.NativeSession.connect(NativeSession.java:121) ~[mysql-connector-j-8.0.33.jar:8.0.33]
	at com.mysql.cj.jdbc.ConnectionImpl.connectOneTryOnly(ConnectionImpl.java:945) ~[mysql-connector-j-8.0.33.jar:8.0.33]
	at com.mysql.cj.jdbc.ConnectionImpl.createNewIO(ConnectionImpl.java:815) ~[mysql-connector-j-8.0.33.jar:8.0.33]
	... 129 more
Caused by: java.net.ConnectException: Connection refused: getsockopt
	at sun.nio.ch.Net.pollConnect(Native Method) ~[?:?]
	at sun.nio.ch.Net.pollConnectNow(Net.java:682) ~[?:?]
	at sun.nio.ch.NioSocketImpl.timedFinishConnect(NioSocketImpl.java:542) ~[?:?]
	at sun.nio.ch.NioSocketImpl.connect(NioSocketImpl.java:592) ~[?:?]
	at java.net.SocksSocketImpl.connect(SocksSocketImpl.java:327) ~[?:?]
	at java.net.Socket.connect(Socket.java:752) ~[?:?]
	at com.mysql.cj.protocol.StandardSocketFactory.connect(StandardSocketFactory.java:153) ~[mysql-connector-j-8.0.33.jar:8.0.33]
	at com.mysql.cj.protocol.a.NativeSocketConnection.connect(NativeSocketConnection.java:63) ~[mysql-connector-j-8.0.33.jar:8.0.33]
	at com.mysql.cj.NativeSession.connect(NativeSession.java:121) ~[mysql-connector-j-8.0.33.jar:8.0.33]
	at com.mysql.cj.jdbc.ConnectionImpl.connectOneTryOnly(ConnectionImpl.java:945) ~[mysql-connector-j-8.0.33.jar:8.0.33]
	at com.mysql.cj.jdbc.ConnectionImpl.createNewIO(ConnectionImpl.java:815) ~[mysql-connector-j-8.0.33.jar:8.0.33]
	... 129 more
2026-08-13 15:22:24.679 [INFO ] [http-nio-8080-exec-9] [traceId=0e404577-9702-4fe3-b392-bc890ca41c53] com.zaxxer.hikari.HikariDataSource - HikariPool-1 - Starting...
2026-08-13 15:22:24.681 [WARN ] [http-nio-8080-exec-10] [traceId=78141d18-a8a0-48fa-9630-b632ab498fa6] org.springframework.web.servlet.mvc.method.annotation.ExceptionHandlerExceptionResolver - Resolved [org.springframework.transaction.CannotCreateTransactionException: Could not open JDBC Connection for transaction; nested exception is com.mysql.cj.jdbc.exceptions.CommunicationsException: Communications link failure<EOL><EOL>The last packet sent successfully to the server was 0 milliseconds ago. The driver has not received any packets from the server.]
2026-08-13 15:22:25.718 [ERROR] [http-nio-8080-exec-9] [traceId=0e404577-9702-4fe3-b392-bc890ca41c53] com.zaxxer.hikari.pool.HikariPool - HikariPool-1 - Exception during pool initialization.
com.mysql.cj.jdbc.exceptions.CommunicationsException: Communications link failure

The last packet sent successfully to the server was 0 milliseconds ago. The driver has not received any packets from the server.
	at com.mysql.cj.jdbc.exceptions.SQLError.createCommunicationsException(SQLError.java:175) ~[mysql-connector-j-8.0.33.jar:8.0.33]
	at com.mysql.cj.jdbc.exceptions.SQLExceptionsMapping.translateException(SQLExceptionsMapping.java:64) ~[mysql-connector-j-8.0.33.jar:8.0.33]
	at com.mysql.cj.jdbc.ConnectionImpl.createNewIO(ConnectionImpl.java:825) ~[mysql-connector-j-8.0.33.jar:8.0.33]
	at com.mysql.cj.jdbc.ConnectionImpl.<init>(ConnectionImpl.java:446) ~[mysql-connector-j-8.0.33.jar:8.0.33]
	at com.mysql.cj.jdbc.ConnectionImpl.getInstance(ConnectionImpl.java:239) ~[mysql-connector-j-8.0.33.jar:8.0.33]
	at com.mysql.cj.jdbc.NonRegisteringDriver.connect(NonRegisteringDriver.java:188) ~[mysql-connector-j-8.0.33.jar:8.0.33]
	at com.zaxxer.hikari.util.DriverDataSource.getConnection(DriverDataSource.java:138) ~[HikariCP-4.0.3.jar:?]
	at com.zaxxer.hikari.pool.PoolBase.newConnection(PoolBase.java:364) ~[HikariCP-4.0.3.jar:?]
	at com.zaxxer.hikari.pool.PoolBase.newPoolEntry(PoolBase.java:206) ~[HikariCP-4.0.3.jar:?]
	at com.zaxxer.hikari.pool.HikariPool.createPoolEntry(HikariPool.java:476) ~[HikariCP-4.0.3.jar:?]
	at com.zaxxer.hikari.pool.HikariPool.checkFailFast(HikariPool.java:561) ~[HikariCP-4.0.3.jar:?]
	at com.zaxxer.hikari.pool.HikariPool.<init>(HikariPool.java:115) ~[HikariCP-4.0.3.jar:?]
	at com.zaxxer.hikari.HikariDataSource.getConnection(HikariDataSource.java:112) ~[HikariCP-4.0.3.jar:?]
	at org.springframework.jdbc.datasource.DataSourceTransactionManager.doBegin(DataSourceTransactionManager.java:269) ~[spring-jdbc-5.3.31.jar:5.3.31]
	at org.springframework.transaction.support.AbstractPlatformTransactionManager.startTransaction(AbstractPlatformTransactionManager.java:400) ~[spring-tx-5.3.31.jar:5.3.31]
	at org.springframework.transaction.support.AbstractPlatformTransactionManager.getTransaction(AbstractPlatformTransactionManager.java:373) ~[spring-tx-5.3.31.jar:5.3.31]
	at org.springframework.transaction.interceptor.TransactionAspectSupport.createTransactionIfNecessary(TransactionAspectSupport.java:595) ~[spring-tx-5.3.31.jar:5.3.31]
	at org.springframework.transaction.interceptor.TransactionAspectSupport.invokeWithinTransaction(TransactionAspectSupport.java:382) ~[spring-tx-5.3.31.jar:5.3.31]
	at org.springframework.transaction.interceptor.TransactionInterceptor.invoke(TransactionInterceptor.java:119) ~[spring-tx-5.3.31.jar:5.3.31]
	at org.springframework.aop.framework.ReflectiveMethodInvocation.proceed(ReflectiveMethodInvocation.java:186) ~[spring-aop-5.3.31.jar:5.3.31]
	at org.springframework.aop.framework.CglibAopProxy$CglibMethodInvocation.proceed(CglibAopProxy.java:762) ~[spring-aop-5.3.31.jar:5.3.31]
	at org.springframework.aop.interceptor.ExposeInvocationInterceptor.invoke(ExposeInvocationInterceptor.java:97) ~[spring-aop-5.3.31.jar:5.3.31]
	at org.springframework.aop.framework.ReflectiveMethodInvocation.proceed(ReflectiveMethodInvocation.java:186) ~[spring-aop-5.3.31.jar:5.3.31]
	at org.springframework.aop.framework.CglibAopProxy$CglibMethodInvocation.proceed(CglibAopProxy.java:762) ~[spring-aop-5.3.31.jar:5.3.31]
	at org.springframework.aop.framework.CglibAopProxy$DynamicAdvisedInterceptor.intercept(CglibAopProxy.java:707) ~[spring-aop-5.3.31.jar:5.3.31]
	at com.kama.notes.service.impl.QuestionServiceImpl$$EnhancerBySpringCGLIB$$fec8ce38.userGetQuestions(<generated>) ~[classes/:?]
	at com.kama.notes.controller.QuestionController.userGetQuestions(QuestionController.java:42) ~[classes/:?]
	at com.kama.notes.controller.QuestionController$$FastClassBySpringCGLIB$$269e0cb0.invoke(<generated>) ~[classes/:?]
	at org.springframework.cglib.proxy.MethodProxy.invoke(MethodProxy.java:218) ~[spring-core-5.3.31.jar:5.3.31]
	at org.springframework.aop.framework.CglibAopProxy$CglibMethodInvocation.invokeJoinpoint(CglibAopProxy.java:792) ~[spring-aop-5.3.31.jar:5.3.31]
	at org.springframework.aop.framework.ReflectiveMethodInvocation.proceed(ReflectiveMethodInvocation.java:163) ~[spring-aop-5.3.31.jar:5.3.31]
	at org.springframework.aop.framework.CglibAopProxy$CglibMethodInvocation.proceed(CglibAopProxy.java:762) ~[spring-aop-5.3.31.jar:5.3.31]
	at org.springframework.aop.framework.adapter.MethodBeforeAdviceInterceptor.invoke(MethodBeforeAdviceInterceptor.java:58) ~[spring-aop-5.3.31.jar:5.3.31]
	at org.springframework.aop.framework.ReflectiveMethodInvocation.proceed(ReflectiveMethodInvocation.java:186) ~[spring-aop-5.3.31.jar:5.3.31]
	at org.springframework.aop.framework.CglibAopProxy$CglibMethodInvocation.proceed(CglibAopProxy.java:762) ~[spring-aop-5.3.31.jar:5.3.31]
	at org.springframework.aop.interceptor.ExposeInvocationInterceptor.invoke(ExposeInvocationInterceptor.java:97) ~[spring-aop-5.3.31.jar:5.3.31]
	at org.springframework.aop.framework.ReflectiveMethodInvocation.proceed(ReflectiveMethodInvocation.java:186) ~[spring-aop-5.3.31.jar:5.3.31]
	at org.springframework.aop.framework.CglibAopProxy$CglibMethodInvocation.proceed(CglibAopProxy.java:762) ~[spring-aop-5.3.31.jar:5.3.31]
	at org.springframework.aop.framework.CglibAopProxy$DynamicAdvisedInterceptor.intercept(CglibAopProxy.java:707) ~[spring-aop-5.3.31.jar:5.3.31]
	at com.kama.notes.controller.QuestionController$$EnhancerBySpringCGLIB$$4a0f681f.userGetQuestions(<generated>) ~[classes/:?]
	at jdk.internal.reflect.DirectMethodHandleAccessor.invoke(DirectMethodHandleAccessor.java:103) ~[?:?]
	at java.lang.reflect.Method.invoke(Method.java:580) ~[?:?]
	at org.springframework.web.method.support.InvocableHandlerMethod.doInvoke(InvocableHandlerMethod.java:205) ~[spring-web-5.3.31.jar:5.3.31]
	at org.springframework.web.method.support.InvocableHandlerMethod.invokeForRequest(InvocableHandlerMethod.java:150) ~[spring-web-5.3.31.jar:5.3.31]
	at org.springframework.web.servlet.mvc.method.annotation.ServletInvocableHandlerMethod.invokeAndHandle(ServletInvocableHandlerMethod.java:117) ~[spring-webmvc-5.3.31.jar:5.3.31]
	at org.springframework.web.servlet.mvc.method.annotation.RequestMappingHandlerAdapter.invokeHandlerMethod(RequestMappingHandlerAdapter.java:895) ~[spring-webmvc-5.3.31.jar:5.3.31]
	at org.springframework.web.servlet.mvc.method.annotation.RequestMappingHandlerAdapter.handleInternal(RequestMappingHandlerAdapter.java:808) ~[spring-webmvc-5.3.31.jar:5.3.31]
	at org.springframework.web.servlet.mvc.method.AbstractHandlerMethodAdapter.handle(AbstractHandlerMethodAdapter.java:87) ~[spring-webmvc-5.3.31.jar:5.3.31]
	at org.springframework.web.servlet.DispatcherServlet.doDispatch(DispatcherServlet.java:1072) ~[spring-webmvc-5.3.31.jar:5.3.31]
	at org.springframework.web.servlet.DispatcherServlet.doService(DispatcherServlet.java:965) ~[spring-webmvc-5.3.31.jar:5.3.31]
	at org.springframework.web.servlet.FrameworkServlet.processRequest(FrameworkServlet.java:1006) ~[spring-webmvc-5.3.31.jar:5.3.31]
	at org.springframework.web.servlet.FrameworkServlet.doGet(FrameworkServlet.java:898) ~[spring-webmvc-5.3.31.jar:5.3.31]
	at javax.servlet.http.HttpServlet.service(HttpServlet.java:529) ~[tomcat-embed-core-9.0.83.jar:4.0.FR]
	at org.springframework.web.servlet.FrameworkServlet.service(FrameworkServlet.java:883) ~[spring-webmvc-5.3.31.jar:5.3.31]
	at javax.servlet.http.HttpServlet.service(HttpServlet.java:623) ~[tomcat-embed-core-9.0.83.jar:4.0.FR]
	at org.apache.catalina.core.ApplicationFilterChain.internalDoFilter(ApplicationFilterChain.java:209) ~[tomcat-embed-core-9.0.83.jar:9.0.83]
	at org.apache.catalina.core.ApplicationFilterChain.doFilter(ApplicationFilterChain.java:153) ~[tomcat-embed-core-9.0.83.jar:9.0.83]
	at org.apache.tomcat.websocket.server.WsFilter.doFilter(WsFilter.java:51) ~[tomcat-embed-websocket-9.0.83.jar:9.0.83]
	at org.apache.catalina.core.ApplicationFilterChain.internalDoFilter(ApplicationFilterChain.java:178) ~[tomcat-embed-core-9.0.83.jar:9.0.83]
	at org.apache.catalina.core.ApplicationFilterChain.doFilter(ApplicationFilterChain.java:153) ~[tomcat-embed-core-9.0.83.jar:9.0.83]
	at com.kama.notes.filter.TraceIdFilter.doFilter(TraceIdFilter.java:21) ~[classes/:?]
	at org.apache.catalina.core.ApplicationFilterChain.internalDoFilter(ApplicationFilterChain.java:178) ~[tomcat-embed-core-9.0.83.jar:9.0.83]
	at org.apache.catalina.core.ApplicationFilterChain.doFilter(ApplicationFilterChain.java:153) ~[tomcat-embed-core-9.0.83.jar:9.0.83]
	at org.springframework.security.web.FilterChainProxy$VirtualFilterChain.doFilter(FilterChainProxy.java:337) ~[spring-security-web-5.7.11.jar:5.7.11]
	at org.springframework.security.web.access.intercept.FilterSecurityInterceptor.invoke(FilterSecurityInterceptor.java:115) ~[spring-security-web-5.7.11.jar:5.7.11]
	at org.springframework.security.web.access.intercept.FilterSecurityInterceptor.doFilter(FilterSecurityInterceptor.java:81) ~[spring-security-web-5.7.11.jar:5.7.11]
	at org.springframework.security.web.FilterChainProxy$VirtualFilterChain.doFilter(FilterChainProxy.java:346) ~[spring-security-web-5.7.11.jar:5.7.11]
	at org.springframework.security.web.access.ExceptionTranslationFilter.doFilter(ExceptionTranslationFilter.java:122) ~[spring-security-web-5.7.11.jar:5.7.11]
	at org.springframework.security.web.access.ExceptionTranslationFilter.doFilter(ExceptionTranslationFilter.java:116) ~[spring-security-web-5.7.11.jar:5.7.11]
	at org.springframework.security.web.FilterChainProxy$VirtualFilterChain.doFilter(FilterChainProxy.java:346) ~[spring-security-web-5.7.11.jar:5.7.11]
	at org.springframework.security.web.session.SessionManagementFilter.doFilter(SessionManagementFilter.java:126) ~[spring-security-web-5.7.11.jar:5.7.11]
	at org.springframework.security.web.session.SessionManagementFilter.doFilter(SessionManagementFilter.java:81) ~[spring-security-web-5.7.11.jar:5.7.11]
	at org.springframework.security.web.FilterChainProxy$VirtualFilterChain.doFilter(FilterChainProxy.java:346) ~[spring-security-web-5.7.11.jar:5.7.11]
	at org.springframework.security.web.authentication.AnonymousAuthenticationFilter.doFilter(AnonymousAuthenticationFilter.java:109) ~[spring-security-web-5.7.11.jar:5.7.11]
	at org.springframework.security.web.FilterChainProxy$VirtualFilterChain.doFilter(FilterChainProxy.java:346) ~[spring-security-web-5.7.11.jar:5.7.11]
	at org.springframework.security.web.servletapi.SecurityContextHolderAwareRequestFilter.doFilter(SecurityContextHolderAwareRequestFilter.java:149) ~[spring-security-web-5.7.11.jar:5.7.11]
	at org.springframework.security.web.FilterChainProxy$VirtualFilterChain.doFilter(FilterChainProxy.java:346) ~[spring-security-web-5.7.11.jar:5.7.11]
	at org.springframework.security.web.savedrequest.RequestCacheAwareFilter.doFilter(RequestCacheAwareFilter.java:63) ~[spring-security-web-5.7.11.jar:5.7.11]
	at org.springframework.security.web.FilterChainProxy$VirtualFilterChain.doFilter(FilterChainProxy.java:346) ~[spring-security-web-5.7.11.jar:5.7.11]
	at org.springframework.security.web.authentication.logout.LogoutFilter.doFilter(LogoutFilter.java:103) ~[spring-security-web-5.7.11.jar:5.7.11]
	at org.springframework.security.web.authentication.logout.LogoutFilter.doFilter(LogoutFilter.java:89) ~[spring-security-web-5.7.11.jar:5.7.11]
	at org.springframework.security.web.FilterChainProxy$VirtualFilterChain.doFilter(FilterChainProxy.java:346) ~[spring-security-web-5.7.11.jar:5.7.11]
	at org.springframework.web.filter.CorsFilter.doFilterInternal(CorsFilter.java:91) ~[spring-web-5.3.31.jar:5.3.31]
	at org.springframework.web.filter.OncePerRequestFilter.doFilter(OncePerRequestFilter.java:117) ~[spring-web-5.3.31.jar:5.3.31]
	at org.springframework.security.web.FilterChainProxy$VirtualFilterChain.doFilter(FilterChainProxy.java:346) ~[spring-security-web-5.7.11.jar:5.7.11]
	at org.springframework.security.web.header.HeaderWriterFilter.doHeadersAfter(HeaderWriterFilter.java:90) ~[spring-security-web-5.7.11.jar:5.7.11]
	at org.springframework.security.web.header.HeaderWriterFilter.doFilterInternal(HeaderWriterFilter.java:75) ~[spring-security-web-5.7.11.jar:5.7.11]
	at org.springframework.web.filter.OncePerRequestFilter.doFilter(OncePerRequestFilter.java:117) ~[spring-web-5.3.31.jar:5.3.31]
	at org.springframework.security.web.FilterChainProxy$VirtualFilterChain.doFilter(FilterChainProxy.java:346) ~[spring-security-web-5.7.11.jar:5.7.11]
	at org.springframework.security.web.context.SecurityContextPersistenceFilter.doFilter(SecurityContextPersistenceFilter.java:112) ~[spring-security-web-5.7.11.jar:5.7.11]
	at org.springframework.security.web.context.SecurityContextPersistenceFilter.doFilter(SecurityContextPersistenceFilter.java:82) ~[spring-security-web-5.7.11.jar:5.7.11]
	at org.springframework.security.web.FilterChainProxy$VirtualFilterChain.doFilter(FilterChainProxy.java:346) ~[spring-security-web-5.7.11.jar:5.7.11]
	at org.springframework.security.web.context.request.async.WebAsyncManagerIntegrationFilter.doFilterInternal(WebAsyncManagerIntegrationFilter.java:55) ~[spring-security-web-5.7.11.jar:5.7.11]
	at org.springframework.web.filter.OncePerRequestFilter.doFilter(OncePerRequestFilter.java:117) ~[spring-web-5.3.31.jar:5.3.31]
	at org.springframework.security.web.FilterChainProxy$VirtualFilterChain.doFilter(FilterChainProxy.java:346) ~[spring-security-web-5.7.11.jar:5.7.11]
	at org.springframework.security.web.session.DisableEncodeUrlFilter.doFilterInternal(DisableEncodeUrlFilter.java:42) ~[spring-security-web-5.7.11.jar:5.7.11]
	at org.springframework.web.filter.OncePerRequestFilter.doFilter(OncePerRequestFilter.java:117) ~[spring-web-5.3.31.jar:5.3.31]
	at org.springframework.security.web.FilterChainProxy$VirtualFilterChain.doFilter(FilterChainProxy.java:346) ~[spring-security-web-5.7.11.jar:5.7.11]
	at org.springframework.security.web.FilterChainProxy.doFilterInternal(FilterChainProxy.java:221) ~[spring-security-web-5.7.11.jar:5.7.11]
	at org.springframework.security.web.FilterChainProxy.doFilter(FilterChainProxy.java:186) ~[spring-security-web-5.7.11.jar:5.7.11]
	at org.springframework.web.filter.DelegatingFilterProxy.invokeDelegate(DelegatingFilterProxy.java:354) ~[spring-web-5.3.31.jar:5.3.31]
	at org.springframework.web.filter.DelegatingFilterProxy.doFilter(DelegatingFilterProxy.java:267) ~[spring-web-5.3.31.jar:5.3.31]
	at org.apache.catalina.core.ApplicationFilterChain.internalDoFilter(ApplicationFilterChain.java:178) ~[tomcat-embed-core-9.0.83.jar:9.0.83]
	at org.apache.catalina.core.ApplicationFilterChain.doFilter(ApplicationFilterChain.java:153) ~[tomcat-embed-core-9.0.83.jar:9.0.83]
	at org.springframework.web.filter.RequestContextFilter.doFilterInternal(RequestContextFilter.java:100) ~[spring-web-5.3.31.jar:5.3.31]
	at org.springframework.web.filter.OncePerRequestFilter.doFilter(OncePerRequestFilter.java:117) ~[spring-web-5.3.31.jar:5.3.31]
	at org.apache.catalina.core.ApplicationFilterChain.internalDoFilter(ApplicationFilterChain.java:178) ~[tomcat-embed-core-9.0.83.jar:9.0.83]
	at org.apache.catalina.core.ApplicationFilterChain.doFilter(ApplicationFilterChain.java:153) ~[tomcat-embed-core-9.0.83.jar:9.0.83]
	at org.springframework.web.filter.FormContentFilter.doFilterInternal(FormContentFilter.java:93) ~[spring-web-5.3.31.jar:5.3.31]
	at org.springframework.web.filter.OncePerRequestFilter.doFilter(OncePerRequestFilter.java:117) ~[spring-web-5.3.31.jar:5.3.31]
	at org.apache.catalina.core.ApplicationFilterChain.internalDoFilter(ApplicationFilterChain.java:178) ~[tomcat-embed-core-9.0.83.jar:9.0.83]
	at org.apache.catalina.core.ApplicationFilterChain.doFilter(ApplicationFilterChain.java:153) ~[tomcat-embed-core-9.0.83.jar:9.0.83]
	at org.springframework.web.filter.CharacterEncodingFilter.doFilterInternal(CharacterEncodingFilter.java:201) ~[spring-web-5.3.31.jar:5.3.31]
	at org.springframework.web.filter.OncePerRequestFilter.doFilter(OncePerRequestFilter.java:117) ~[spring-web-5.3.31.jar:5.3.31]
	at org.apache.catalina.core.ApplicationFilterChain.internalDoFilter(ApplicationFilterChain.java:178) ~[tomcat-embed-core-9.0.83.jar:9.0.83]
	at org.apache.catalina.core.ApplicationFilterChain.doFilter(ApplicationFilterChain.java:153) ~[tomcat-embed-core-9.0.83.jar:9.0.83]
	at org.apache.catalina.core.StandardWrapperValve.invoke(StandardWrapperValve.java:168) ~[tomcat-embed-core-9.0.83.jar:9.0.83]
	at org.apache.catalina.core.StandardContextValve.invoke(StandardContextValve.java:90) ~[tomcat-embed-core-9.0.83.jar:9.0.83]
	at org.apache.catalina.authenticator.AuthenticatorBase.invoke(AuthenticatorBase.java:481) ~[tomcat-embed-core-9.0.83.jar:9.0.83]
	at org.apache.catalina.core.StandardHostValve.invoke(StandardHostValve.java:130) ~[tomcat-embed-core-9.0.83.jar:9.0.83]
	at org.apache.catalina.valves.ErrorReportValve.invoke(ErrorReportValve.java:93) ~[tomcat-embed-core-9.0.83.jar:9.0.83]
	at org.apache.catalina.core.StandardEngineValve.invoke(StandardEngineValve.java:74) ~[tomcat-embed-core-9.0.83.jar:9.0.83]
	at org.apache.catalina.connector.CoyoteAdapter.service(CoyoteAdapter.java:342) ~[tomcat-embed-core-9.0.83.jar:9.0.83]
	at org.apache.coyote.http11.Http11Processor.service(Http11Processor.java:390) ~[tomcat-embed-core-9.0.83.jar:9.0.83]
	at org.apache.coyote.AbstractProcessorLight.process(AbstractProcessorLight.java:63) ~[tomcat-embed-core-9.0.83.jar:9.0.83]
	at org.apache.coyote.AbstractProtocol$ConnectionHandler.process(AbstractProtocol.java:928) ~[tomcat-embed-core-9.0.83.jar:9.0.83]
	at org.apache.tomcat.util.net.NioEndpoint$SocketProcessor.doRun(NioEndpoint.java:1794) ~[tomcat-embed-core-9.0.83.jar:9.0.83]
	at org.apache.tomcat.util.net.SocketProcessorBase.run(SocketProcessorBase.java:52) ~[tomcat-embed-core-9.0.83.jar:9.0.83]
	at org.apache.tomcat.util.threads.ThreadPoolExecutor.runWorker(ThreadPoolExecutor.java:1191) ~[tomcat-embed-core-9.0.83.jar:9.0.83]
	at org.apache.tomcat.util.threads.ThreadPoolExecutor$Worker.run(ThreadPoolExecutor.java:659) ~[tomcat-embed-core-9.0.83.jar:9.0.83]
	at org.apache.tomcat.util.threads.TaskThread$WrappingRunnable.run(TaskThread.java:61) ~[tomcat-embed-core-9.0.83.jar:9.0.83]
	at java.lang.Thread.run(Thread.java:1570) ~[?:?]
Caused by: com.mysql.cj.exceptions.CJCommunicationsException: Communications link failure

The last packet sent successfully to the server was 0 milliseconds ago. The driver has not received any packets from the server.
	at jdk.internal.reflect.DirectConstructorHandleAccessor.newInstance(DirectConstructorHandleAccessor.java:62) ~[?:?]
	at java.lang.reflect.Constructor.newInstanceWithCaller(Constructor.java:502) ~[?:?]
	at java.lang.reflect.Constructor.newInstance(Constructor.java:486) ~[?:?]
	at com.mysql.cj.exceptions.ExceptionFactory.createException(ExceptionFactory.java:62) ~[mysql-connector-j-8.0.33.jar:8.0.33]
	at com.mysql.cj.exceptions.ExceptionFactory.createException(ExceptionFactory.java:105) ~[mysql-connector-j-8.0.33.jar:8.0.33]
	at com.mysql.cj.exceptions.ExceptionFactory.createException(ExceptionFactory.java:150) ~[mysql-connector-j-8.0.33.jar:8.0.33]
	at com.mysql.cj.exceptions.ExceptionFactory.createCommunicationsException(ExceptionFactory.java:166) ~[mysql-connector-j-8.0.33.jar:8.0.33]
	at com.mysql.cj.protocol.a.NativeSocketConnection.connect(NativeSocketConnection.java:89) ~[mysql-connector-j-8.0.33.jar:8.0.33]
	at com.mysql.cj.NativeSession.connect(NativeSession.java:121) ~[mysql-connector-j-8.0.33.jar:8.0.33]
	at com.mysql.cj.jdbc.ConnectionImpl.connectOneTryOnly(ConnectionImpl.java:945) ~[mysql-connector-j-8.0.33.jar:8.0.33]
	at com.mysql.cj.jdbc.ConnectionImpl.createNewIO(ConnectionImpl.java:815) ~[mysql-connector-j-8.0.33.jar:8.0.33]
	... 129 more
Caused by: java.net.ConnectException: Connection refused: getsockopt
	at sun.nio.ch.Net.pollConnect(Native Method) ~[?:?]
	at sun.nio.ch.Net.pollConnectNow(Net.java:682) ~[?:?]
	at sun.nio.ch.NioSocketImpl.timedFinishConnect(NioSocketImpl.java:542) ~[?:?]
	at sun.nio.ch.NioSocketImpl.connect(NioSocketImpl.java:592) ~[?:?]
	at java.net.SocksSocketImpl.connect(SocksSocketImpl.java:327) ~[?:?]
	at java.net.Socket.connect(Socket.java:752) ~[?:?]
	at com.mysql.cj.protocol.StandardSocketFactory.connect(StandardSocketFactory.java:153) ~[mysql-connector-j-8.0.33.jar:8.0.33]
	at com.mysql.cj.protocol.a.NativeSocketConnection.connect(NativeSocketConnection.java:63) ~[mysql-connector-j-8.0.33.jar:8.0.33]
	at com.mysql.cj.NativeSession.connect(NativeSession.java:121) ~[mysql-connector-j-8.0.33.jar:8.0.33]
	at com.mysql.cj.jdbc.ConnectionImpl.connectOneTryOnly(ConnectionImpl.java:945) ~[mysql-connector-j-8.0.33.jar:8.0.33]
	at com.mysql.cj.jdbc.ConnectionImpl.createNewIO(ConnectionImpl.java:815) ~[mysql-connector-j-8.0.33.jar:8.0.33]
	... 129 more
2026-08-13 15:22:25.721 [WARN ] [http-nio-8080-exec-9] [traceId=0e404577-9702-4fe3-b392-bc890ca41c53] org.springframework.web.servlet.mvc.method.annotation.ExceptionHandlerExceptionResolver - Resolved [org.springframework.transaction.CannotCreateTransactionException: Could not open JDBC Connection for transaction; nested exception is com.mysql.cj.jdbc.exceptions.CommunicationsException: Communications link failure<EOL><EOL>The last packet sent successfully to the server was 0 milliseconds ago. The driver has not received any packets from the server.]
2026-08-13 15:22:55.729 [INFO ] [http-nio-8080-exec-6] [traceId=e4bb7709-f219-4244-8241-81f5551c41b2] com.zaxxer.hikari.HikariDataSource - HikariPool-1 - Starting...
2026-08-13 15:22:55.998 [INFO ] [http-nio-8080-exec-6] [traceId=e4bb7709-f219-4244-8241-81f5551c41b2] com.zaxxer.hikari.HikariDataSource - HikariPool-1 - Start completed.
2026-08-13 15:22:56.144 [INFO ] [http-nio-8080-exec-10] [traceId=] org.apache.tomcat.util.http.parser.Cookie - A cookie header was received [Hm_lvt_2ea20ae8da307f7b54137ae9b4fc95b0=1786352832,1786438838,1786523188,1786605640;] that contained an invalid cookie. That cookie will be ignored.
 Note: further occurrences of this error will be logged at DEBUG level.
2026-08-13 15:24:00.753 [WARN ] [http-nio-8080-exec-8] [traceId=6f3c3f40-1080-47d3-bfac-8f6da5b04f5a] org.springframework.web.servlet.mvc.method.annotation.ExceptionHandlerExceptionResolver - Resolved [org.springframework.transaction.UnexpectedRollbackException: Transaction rolled back because it has been marked as rollback-only]
2026-08-13 15:24:02.455 [WARN ] [http-nio-8080-exec-9] [traceId=d0ccdcf1-2454-4ea5-85cd-207556ee6ab0] org.springframework.web.servlet.mvc.method.annotation.ExceptionHandlerExceptionResolver - Resolved [org.springframework.transaction.UnexpectedRollbackException: Transaction rolled back because it has been marked as rollback-only]
